serial,template_id,skin,level,health,action,mind,speed,to_hit,damage_low,damage_high,armor,sa1,sa2,ranged,kinetic.special,kinetic.effective,kinetic,energy.special,energy.effective,energy,blast.special,blast.effective,blast,heat.special,heat.effective,heat,cold.special,cold.effective,cold,electricity.special,electricity.effective,electricity,acid.special,acid.effective,acid,stun.special,stun.effective,stun
00pas7q5,266f04mq,durni,10,10227,5614,3442,1.98,0.23,120,130,0,crippling,intimidation,true,58,0,58,-64,0,-64,-2,0,-2,-35,0,-35,-34,0,-34,-99,0,-99,0,44,44,-99,0,-99
019pdtas,qoodetmk,gnort,15,6188,3424,2975,1.98,0.24,80,90,0,crippling,"",false,28,0,28,5,0,5,0,9,9,-99,0,-99,-68,0,-68,-68,0,-68,-5,0,-5,-99,0,-99
01oatm1v,7pc5dm95,falumpaset,32,9832,6960,6817,2.28,0.32,360,370,0,dizzy,strong_poison,true,24,0,24,16,0,16,5,0,5,4,0,4,3,0,3,4,0,4,6,0,6,4,0,4
04anubgq,ar63gbss,gurrcat,18,8055,6081,3083,1.98,0.26,260,270,0,stunning,intimidation,true,-16,0,-16,47,0,47,-65,0,-65,-31,0,-31,52,0,52,-31,0,-31,-92,0,-92,-99,0,-99
06tjc3dn,ntktb3hj,durni,18,5758,2670,1773,2.08,0.24,220,230,0,stunning,"",false,21,0,21,31,0,31,-4,0,-4,-29,0,-29,-90,0,-90,-10,0,-10,8,0,8,-87,0,-87
07hb7unl,7cm51u3m,torton,22,11412,9276,6763,2.16,0.38,310,330,0,stunning,intimidation,true,59,0,59,-55,0,-55,0,6,6,10,0,10,10,0,10,-55,0,-55,-28,0,-28,-99,0,-99
08scmn1f,t8gm7n59,narglatch,25,9563,4124,6278,2.3,0.27,150,160,1,strong_poison,strong_disease,true,18,0,18,12,0,12,0,0,0,8,0,8,8,0,8,-42,0,-42,-8,0,-8,-29,0,-29
094fpaem,ah3rpail,razor_cat,10,9796,5470,3137,1.97,0.22,120,130,0,"",intimidation,false,59,0,59,-62,0,-62,0,43,43,-34,0,-34,-23,0,-23,-88,0,-88,-1,0,-1,-99,0,-99
0el9tnqd,tdiiqnau,narglatch,13,1539,1611,1827,2.16,0.23,45,50,0,stunning,crippling,false,13,0,13,15,0,15,0,1,1,-82,0,-82,-82,0,-82,-14,0,-14,54,0,54,-16,0,-16
0enc7p4r,slsk0pou,bantha,13,1593,1306,2042,2.38,0.27,30,40,0,"","",false,17,0,17,9,0,9,0,1,1,20,0,20,-39,0,-39,-53,0,-53,-39,0,-39,-98,0,-98
0etpojrb,7t6nuj36,bantha,10,9760,5488,3281,2.13,0.23,130,140,0,"",dizzy,false,60,0,60,-64,0,-64,0,45,45,-34,0,-34,-23,0,-23,-88,0,-88,-1,0,-1,-99,0,-99
0f5spo4n,0vct7vc2,narglatch,29,11125,11089,11340,2.02,0.2,270,280,1,dizzy,mild_poison,true,57,0,57,-77,0,-77,0,0,0,0,0,0,0,0,0,-69,0,-69,0,0,0,-99,0,-99
0iafqb8b,st8mfbgg,rancor,48,11232,10981,11214,2.01,0.5,330,340,0,knockdown,"",false,35,0,35,60,0,60,0,47,47,90,0,90,90,0,90,90,0,90,0,47,47,0,47,47
0ifvf46h,qk0b25um,razor_cat,46,11125,9617,9348,1.98,0.36,450,460,1,stunning,intimidation,true,37,0,37,37,0,37,27,0,27,15,0,15,67,0,67,67,0,67,27,0,27,27,0,27
0lddsdcp,lui6bds6,gnort,34,11161,9509,9599,1.99,0.43,280,290,0,dizzy,mild_poison,true,47,0,47,32,0,32,-12,0,-12,50,0,50,50,0,50,-99,0,-99,-5,0,-5,-64,0,-64
0pct89s1,top6b9cr,veermok,10,642,606,373,1.99,0.22,55,65,0,"",intimidation,false,2,0,2,2,0,2,0,0,0,0,0,0,3,0,3,0,0,0,0,0,0,-35,0,-35
0vd5dclr,01071ce5,gnort,4,462,247,193,2.16,0.2,30,40,0,stunning,"",false,6,0,6,0,0,0,4,0,4,0,0,0,-39,0,-39,-39,0,-39,-39,0,-39,-99,0,-99
10pq6ihd,6e2lqi1g,razor_cat,22,7140,7463,7158,2.16,0.31,330,340,0,intimidation,dizzy,true,20,0,20,-19,0,-19,-21,0,-21,0,0,0,-5,0,-5,-24,0,-24,-44,0,-44,-59,0,-59
15bh6u6r,rau49ui1,gnort,14,6135,2401,3101,1.98,0.24,80,90,0,"",intimidation,false,28,0,28,5,0,5,0,9,9,-99,0,-99,-68,0,-68,-99,0,-99,-5,0,-5,-99,0,-99
1f7bgk2q,s53glk68,rancor,52,11250,11143,10658,2.02,0.5,390,400,1,stunning,intimidation,false,33,0,33,50,0,50,-59,0,-59,78,0,78,78,0,78,78,0,78,-59,0,-59,-59,0,-59
1f8gec1e,idmmbc11,kima,25,8307,3496,3604,2.18,0.26,190,200,0,blinding,stunning,true,37,0,37,36,0,36,29,0,29,-2,0,-2,52,0,52,49,0,49,22,0,22,25,0,25
1fk6r499,ktvcu4hc,squall,36,9958,9599,9689,2.02,0.4,210,220,0,knockdown,dizzy,true,55,0,55,56,0,56,27,0,27,19,0,19,-1,0,-1,-66,0,-66,-14,0,-14,-1,0,-1
1gnl98ni,saqec934,razor_cat,30,9850,8666,6099,1.99,0.35,350,360,0,dizzy,stunning,false,14,0,14,9,0,9,-29,0,-29,29,0,29,22,0,22,23,0,23,-33,0,-33,-34,0,-34
1jq3rnnq,u6ctganm,brackaset,10,9527,5273,3227,1.97,0.22,120,130,0,crippling,intimidation,false,59,0,59,-26,0,-26,0,44,44,-69,0,-69,-34,0,-34,-64,0,-64,-38,0,-38,-99,0,-99
1lc95n55,5gj0fnlq,falumpaset,30,9312,5901,7714,2.38,0.32,240,250,0,dizzy,strong_poison,true,20,0,20,1,0,1,8,0,8,6,0,6,5,0,5,6,0,6,9,0,9,6,0,6
1na8hoqd,36gdjoig,razor_cat,11,3819,3334,1629,2.16,0.23,120,130,0,dizzy,"",false,0,4,4,-64,0,-64,0,4,4,-64,0,-64,-64,0,-64,-64,0,-64,-64,0,-64,-29,0,-29
1unq6blk,cts10b51,kaadu,9,9437,5417,3191,1.97,0.22,120,130,0,dizzy,"",false,59,0,59,-59,0,-59,-14,0,-14,-21,0,-21,-5,0,-5,-75,0,-75,-3,0,-3,-99,0,-99
21eedu6e,7n85hv2t,razor_cat,11,1270,911,1055,2.16,0.21,35,45,0,"",strong_poison,false,11,0,11,9,0,9,-44,0,-44,0,1,1,0,1,1,-44,0,-44,0,1,1,-99,0,-99
24soei87,cr940ikd,gurrcat,12,9312,5399,3011,1.97,0.21,200,210,0,stunning,intimidation,false,60,0,60,-70,0,-70,-19,0,-19,-2,0,-2,-1,0,-1,-76,0,-76,-18,0,-18,-99,0,-99
259neltg,bij40lld,razor_cat,23,5758,5237,5865,2.07,0.28,330,340,0,stunning,medium_poison,true,21,0,21,17,0,17,17,0,17,20,0,20,0,0,0,-99,0,-99,-29,0,-29,-99,0,-99
26v5a9oh,fcfdd9r6,cu_pa,12,3442,3424,3029,2.24,0.23,80,90,0,"","",false,0,0,0,0,0,0,0,0,0,0,0,0,-99,0,-99,0,0,0,-99,0,-99,-99,0,-99
2akr1dhq,5rnr3aci,ikopi,15,6242,3640,2796,1.98,0.24,90,110,0,crippling,"",false,28,0,28,5,0,5,0,9,9,-99,0,-99,-69,0,-69,-69,0,-69,-55,0,-55,-99,0,-99
2elfjs7r,7lm5lsrq,cu_pa,18,6655,4250,2311,1.99,0.24,80,90,0,"",stunning,false,1,0,1,1,0,1,0,21,21,0,21,21,0,21,21,0,21,21,0,21,21,-69,0,-69
2ikrl4j0,97pdf4f6,razor_cat,54,11196,9186,10425,2.08,0.47,420,430,1,crippling,"",true,38,0,38,51,0,51,27,0,27,72,0,72,90,0,90,71,0,71,17,0,17,17,0,17
2jp5lhn6,nm37iiur,gurreck,10,10030,6153,3227,1.97,0.23,120,130,0,"",intimidation,false,59,0,59,-62,0,-62,0,44,44,-34,0,-34,-11,0,-11,-76,0,-76,-19,0,-19,-99,0,-99
2jr5bm82,svppin03,cu_pa,13,3927,3981,3245,2.34,0.3,30,40,0,dizzy,intimidation,false,7,0,7,7,0,7,0,0,0,1,0,1,-13,0,-13,-24,0,-24,-2,0,-2,-92,0,-92
3058sjj6,cb0naj3k,bantha,6,1234,2939,337,2.2,0.21,30,40,0,"","",false,6,0,6,10,0,10,0,0,0,0,0,0,0,0,0,-24,0,-24,0,0,0,-99,0,-99
30ctgn9q,hkfo9gda,bantha,19,4088,1809,3622,2.16,0.31,120,130,0,"","",true,0,21,21,13,0,13,-39,0,-39,20,0,20,20,0,20,20,0,20,-39,0,-39,-94,0,-94
3524f44a,b54lf44p,razor_cat,10,9150,4950,2850,2.12,0.22,130,140,0,crippling,stunning,false,56,0,56,-59,0,-59,-18,0,-18,-5,0,-5,-2,0,-2,-94,0,-94,0,0,0,-99,0,-99
38u9raer,nn314aml,gnort,15,6476,37693,2886,1.99,0.24,80,90,0,crippling,intimidation,false,28,0,28,5,0,5,0,9,9,-99,0,-99,-68,0,-68,-68,0,-68,-5,0,-5,-99,0,-99
3a15g4n1,b0jlk4j8,rancor,44,10981,9437,9132,1.98,0.36,340,350,1,"","",true,45,0,45,5,0,5,52,0,52,25,0,25,65,0,65,52,0,52,65,0,65,52,0,52
3f0lpuko,4lnqtu83,gurrcat,34,10514,7589,8701,1.97,0.36,270,280,0,blinding,stunning,true,46,0,46,40,0,40,25,0,25,13,0,13,25,0,25,72,0,72,72,0,72,51,0,51
3m16hn77,95qinnva,dewback,8,5273,2168,2132,1.99,0.25,180,190,0,crippling,intimidation,false,51,0,51,-5,0,-5,-8,0,-8,-3,0,-3,-8,0,-8,-21,0,-21,-8,0,-8,-87,0,-87
3pns2nh7,cee3sndr,bageraset,10,1378,1109,1162,2.17,0.25,30,40,0,"","",true,0,3,3,4,0,4,-44,0,-44,0,3,3,-44,0,-44,-44,0,-44,0,3,3,-99,0,-99
3pu4m57u,ulluf4vr,kimogila,75,13297,12202,12794,1.99,0.64,510,520,1,"",strong_poison,false,40,0,40,50,0,50,3,0,3,86,0,86,86,0,86,87,0,87,4,0,4,3,0,3
3puua75n,cgr187h5,dune_lizard,16,8594,5596,3083,2.15,0.26,260,270,0,stunning,intimidation,true,60,0,60,-65,0,-65,-25,0,-25,-7,0,-7,-6,0,-6,-78,0,-78,-24,0,-24,-99,0,-99
3qs70vn9,3p276vn6,woolamander,21,9940,6386,6170,2.16,0.28,230,240,0,knockdown,stunning,true,43,0,43,-1,0,-1,0,39,39,91,0,91,66,0,66,45,0,45,16,0,16,-5,0,-5
3tgq7fdo,t4u74f1f,razor_cat,48,12597,10012,10622,1.98,0.46,490,500,1,"","",true,60,0,60,-61,0,-61,0,0,0,15,0,15,10,0,10,-54,0,-54,0,0,0,-94,0,-94
3v31cggh,9u1kegg0,narglatch,13,2939,3514,3747,2.28,0.25,130,140,0,stunning,crippling,true,9,0,9,-9,0,-9,-18,0,-18,-36,0,-36,-43,0,-43,-45,0,-45,-69,0,-69,-41,0,-41
40bfjea0,ge57ef2,falumpaset,13,1791,1270,1324,2.17,0.22,50,55,0,"",intimidation,false,20,0,20,0,2,2,27,0,27,27,0,27,27,0,27,-44,0,-44,-44,0,-44,-99,0,-99
4231uemm,on6p5eak,piket,25,85,67,67,2.07,0.21,30,40,0,"","",false,0,0,0,0,0,0,0,0,0,0,0,0,0,0,0,0,0,0,0,0,0,-99,0,-99
43t5tl7l,7q12vlbb,gnort,15,6242,3424,2832,1.99,0.24,90,110,0,crippling,intimidation,false,29,0,29,0,9,9,2,0,2,-68,0,-68,-99,0,-99,-99,0,-99,-5,0,-5,-99,0,-99
44puub03,bp00kbsf,gurrcat,18,7696,5704,3011,2.05,0.26,200,210,0,stunning,intimidation,true,-4,0,-4,49,0,49,-25,0,-25,-55,0,-55,37,0,37,-95,0,-95,-92,0,-92,-99,0,-99
45nosm7r,a3a4gmnl,razor_cat,23,10263,4914,2742,1.99,0.22,260,270,1,stunning,intimidation,true,60,0,60,-30,0,-30,-20,0,-20,-9,0,-9,-1,0,-1,-32,0,-32,-16,0,-16,-99,0,-99
481um8sf,4m0va84v,gurrcat,18,6278,2329,2670,1.98,0.25,260,270,0,stunning,intimidation,true,-1,0,-1,47,0,47,-30,0,-30,-60,0,-60,12,0,12,-95,0,-95,-92,0,-92,-99,0,-99
4841q4g7,om7p7506,zucca_boar,21,8163,4250,5811,1.98,0.27,230,240,0,crippling,blinding,false,28,0,28,28,0,28,-23,0,-23,-36,0,-36,-36,0,-36,-75,0,-75,12,0,12,-75,0,-75
4d651pk3,m4d12p06,bantha,13,1144,1360,2239,2.31,0.29,30,40,0,dizzy,"",true,10,0,10,17,0,17,0,9,9,0,9,9,0,9,9,-41,0,-41,0,9,9,-97,0,-97
4klq2udg,hqnhfu91,gnort,15,6583,3227,2688,1.98,0.24,80,90,0,"",dizzy,true,28,0,28,6,0,6,1,0,1,-99,0,-99,-63,0,-63,-63,0,-63,-5,0,-5,-99,0,-99
4ld7epf0,8mtqod1d,gurrcat,15,8701,4358,3334,1.98,0.26,390,400,0,"",medium_disease,false,40,0,40,-26,0,-26,-55,0,-55,-20,0,-20,-15,0,-15,-55,0,-55,-52,0,-52,-99,0,-99
4lg3gn3h,thcgpn3f,bantha,6,552,175,211,2.21,0.2,50,55,0,"",intimidation,false,11,0,11,0,0,0,15,0,15,15,0,15,15,0,15,0,0,0,0,0,0,-99,0,-99
4ls6mjba,g3ferjj3,bantha,9,1109,552,1252,2.25,0.2,30,40,0,"",intimidation,true,9,0,9,2,0,2,0,10,10,0,10,10,0,10,10,-7,0,-7,0,0,0,-59,0,-59
4nng67hj,ruoe575k,razor_cat,27,10514,7140,5273,2.19,0.3,300,310,1,stunning,intimidation,true,60,0,60,-71,0,-71,-21,0,-21,-10,0,-10,-9,0,-9,-85,0,-85,-20,0,-20,-99,0,-99
4qpe7fap,sffvsf62,falumpaset,11,1539,1109,1270,1.99,0.22,70,75,0,stunning,"",false,0,3,3,0,3,3,0,3,3,36,0,36,0,3,3,0,3,3,-44,0,-44,-99,0,-99
4rc8sbi0,bgemqbm1,razor_cat,35,10568,7589,5686,1.99,0.32,320,350,1,"",strong_poison,true,51,0,51,37,0,37,-61,0,-61,68,0,68,-7,0,-7,11,0,11,71,0,71,-51,0,-51
4rpqqv62,ul7f7uet,brackaset,11,9814,6458,3263,1.98,0.23,120,130,0,crippling,intimidation,false,59,0,59,-62,0,-62,0,43,43,-34,0,-34,-23,0,-23,-95,0,-95,-1,0,-1,-99,0,-99
4rt3st55,nh84pthv,razor_cat,31,10837,8037,5255,1.98,0.24,240,250,1,stunning,strong_poison,false,50,0,50,36,0,36,-65,0,-65,65,0,65,-3,0,-3,0,3,3,70,0,70,-60,0,-60
4sr8c0vt,8aeh0077,brackaset,17,8953,4699,1647,1.98,0.2,210,220,0,"",medium_disease,false,51,0,51,-53,0,-53,-28,0,-28,-10,0,-10,-8,0,-8,-68,0,-68,-26,0,-26,-99,0,-99
4uphqh1t,33kvghtr,razor_cat,18,2993,2886,2455,2.49,0.28,240,250,0,stunning,intimidation,false,19,0,19,15,0,15,10,0,10,0,0,0,-5,0,-5,-72,0,-72,-21,0,-21,-97,0,-97
5198bdsl,dtvojdku,snorbal,15,6422,3424,2904,1.99,0.24,80,90,0,crippling,intimidation,false,28,0,28,5,0,5,0,9,9,-99,0,-99,-70,0,-70,-70,0,-70,-6,0,-6,-99,0,-99
552l5ksb,g5tvkl04,narglatch,35,10730,7445,7319,1.99,0.32,380,390,1,stunning,mild_poison,false,26,0,26,26,0,26,42,0,42,4,0,4,-6,0,-6,0,1,1,25,0,25,-6,0,-6
5539sdou,t4e4c36s,cu_pa,12,2634,1898,1647,2.19,0.23,70,75,0,"","",false,0,0,0,0,0,0,0,0,0,0,0,0,-99,0,-99,-99,0,-99,-59,0,-59,-59,0,-59
56rr20g0,q5m55006,torton,28,9060,9437,9132,2.06,0.39,180,190,0,stunning,"",false,25,0,25,23,0,23,25,0,25,23,0,23,50,0,50,-99,0,-99,-99,0,-99,-27,0,-27
5aq9m470,g012j4jt,falumpaset,8,2401,2509,1091,2.16,0.22,30,40,0,"","",false,0,9,9,-64,0,-64,0,9,9,-64,0,-64,-64,0,-64,-64,0,-64,-64,0,-64,-29,0,-29
5b4mrf1i,1pkvvf9a,razor_cat,35,11573,8342,9366,2.07,0.41,440,450,1,stunning,intimidation,true,52,0,52,-33,0,-33,-21,0,-21,16,0,16,-14,0,-14,-32,0,-32,-24,0,-24,-74,0,-74
5cubijof,9gliqj4q,dewback,12,803,1270,1503,2.21,0.25,40,45,0,"","",false,13,0,13,13,0,13,0,1,1,0,1,1,0,1,1,0,1,1,0,1,1,-99,0,-99
5cvds5ne,b8mhk57a,kimogila,60,11645,10371,11376,1.98,0.54,500,510,1,"",dizzy,true,40,0,40,50,0,50,15,0,15,70,0,70,85,0,85,85,0,85,15,0,15,15,0,15
5l3lcvsr,121tivgq,cu_pa,15,6350,2545,2904,1.99,0.24,80,90,0,"",intimidation,false,28,0,28,5,0,5,0,9,9,-99,0,-99,-70,0,-70,-70,0,-70,-6,0,-6,-99,0,-99
5lnqeoo4,tjca3o89,razor_cat,43,10317,10119,9545,1.99,0.41,250,260,1,knockdown,dizzy,true,50,0,50,51,0,51,75,0,75,42,0,42,-65,0,-65,-4,0,-4,6,0,6,61,0,61
5pvp7b1u,407q5bd2,bantha,11,9527,6117,3227,1.97,0.23,120,130,0,crippling,intimidation,false,59,0,59,-62,0,-62,0,43,43,-34,0,-34,-23,0,-23,-88,0,-88,-1,0,-1,-99,0,-99
602gfn33,t5p7kgfv,cu_pa,12,2706,2293,2598,2.16,0.28,55,65,0,dizzy,"",true,0,7,7,-29,0,-29,0,7,7,-29,0,-29,-29,0,-29,-29,0,-29,-29,0,-29,-69,0,-69
611kdta8,k82getu9,gnort,14,6350,3191,3011,1.98,0.24,90,110,0,"",intimidation,false,28,0,28,5,0,5,0,10,10,-99,0,-99,-68,0,-68,-68,0,-68,-5,0,-5,-99,0,-99
628mqu1m,r1jdtuhb,durni,22,9042,7517,3568,1.99,0.25,280,290,0,strong_poison,strong_disease,false,0,41,41,0,41,41,0,41,41,-10,0,-10,-10,0,-10,-64,0,-64,-24,0,-24,-64,0,-64
62q5u5vg,ctiggpgr,razor_cat,28,10640,6619,6009,1.98,0.26,305,320,1,blinding,medium_disease,false,35,0,35,36,0,36,-2,0,-2,-15,0,-15,-2,0,-2,-81,0,-81,0,6,6,-17,0,-17
64a7inbs,d47r28hd,bantha,5,157,588,1611,2.21,0.23,30,40,0,"","",false,1,0,1,0,0,0,2,0,2,2,0,2,2,0,2,-4,0,-4,-4,0,-4,-99,0,-99
64v2qh2v,39k9ghma,falumpaset,20,6547,3281,2293,2.16,0.23,280,290,0,"","",false,0,14,14,20,0,20,-64,0,-64,33,0,33,33,0,33,33,0,33,-64,0,-64,-99,0,-99
66h9j346,n3hbo346,slice_hound,19,4447,2275,2329,2.16,0.23,290,300,0,strong_disease,strong_poison,true,0,21,21,0,21,21,-24,0,-24,-29,0,-29,-29,0,-29,-29,0,-29,-29,0,-29,-29,0,-29
67tomsu8,gl9kjsm2,gurrcat,13,8648,4609,3352,1.99,0.26,340,350,0,strong_poison,strong_disease,true,35,0,35,-35,0,-35,-5,0,-5,-35,0,-35,-30,0,-30,-45,0,-45,-28,0,-28,-75,0,-75
6b979vqt,hg28ev68,cu_pa,11,3011,3065,2580,2.32,0.28,30,40,0,dizzy,"",true,0,8,8,-52,0,-52,0,8,8,-52,0,-52,-52,0,-52,-52,0,-52,-52,0,-52,-44,0,-44
6f9lmdbu,mimktdn1,gurrcat,13,8289,3227,3406,0.0,0.0,0,0,0,stunning,intimidation,false,56,0,56,-54,0,-54,-32,0,-32,-10,0,-10,-7,0,-7,-71,0,-71,-30,0,-30,-99,0,-99
6grbbtt4,3jp1ttp5,narglatch,40,10155,8701,9689,1.99,0.38,250,260,1,dizzy,mild_poison,true,58,0,58,23,0,23,69,0,69,60,0,60,64,0,64,-92,0,-92,-9,0,-9,0,0,0
6hlc2dh1,eo6t0d5o,kima,10,1019,1127,1180,1.98,0.25,35,40,0,mild_disease,"",false,4,0,4,0,3,3,0,3,3,-39,0,-39,-39,0,-39,-39,0,-39,-37,0,-37,-99,0,-99
6hucfarf,81khfajq,squall,9,9060,3945,1952,1.98,0.2,270,280,0,stunning,intimidation,false,51,0,51,-47,0,-47,-16,0,-16,-5,0,-5,-4,0,-4,-55,0,-55,-15,0,-15,-99,0,-99
6j048r2a,ioucfr65,rancor,48,11071,10999,11125,2.18,0.5,280,290,0,"",intimidation,false,34,0,34,55,0,55,-33,0,-33,87,0,87,87,0,87,87,0,87,-33,0,-33,-33,0,-33
6ko7k4ql,er9nq4et,cu_pa,10,9240,5309,3155,1.98,0.23,120,130,0,crippling,intimidation,false,58,0,58,-64,0,-64,-2,0,-2,-35,0,-35,-34,0,-34,-99,0,-99,0,44,44,-99,0,-99
6krvta9s,q7n6q9pa,bantha,15,5829,3640,2868,1.99,0.24,80,90,0,"",intimidation,false,28,0,28,5,0,5,0,8,8,-99,0,-99,-68,0,-68,-68,0,-68,-5,0,-5,-99,0,-99
6mkbfhco,qocj2h8k,graul,30,8953,8648,8558,2.16,0.39,210,220,0,crippling,intimidation,true,50,0,50,23,0,23,25,0,25,41,0,41,41,0,41,-99,0,-99,-99,0,-99,-99,0,-99
6mutomu3,tho778jf,dune_lizard,5,175,157,157,2.24,0.21,30,40,0,"","",false,0,0,0,0,0,0,0,0,0,0,0,0,0,0,0,0,0,0,0,0,0,0,0,0
6nljrd9q,hhji6a80,ikopi,15,6422,3388,2939,1.98,0.24,90,110,0,"",intimidation,false,28,0,28,5,0,5,0,9,9,-99,0,-99,-69,0,-69,-69,0,-69,-55,0,-55,-99,0,-99
6qvncjh2,t1e1bjda,gurreck,30,9850,7355,5399,2.15,0.3,120,130,0,stunning,crippling,false,50,0,50,60,0,60,0,27,27,0,27,27,0,27,27,0,27,27,0,27,27,0,27,27
6td1segp,6h71keks,narglatch,33,10927,7481,7696,21.4,0.33,330,340,1,strong_poison,strong_disease,true,15,0,15,10,0,10,-1,0,-1,16,0,16,16,0,16,-32,0,-32,0,0,0,-19,0,-19
701gl911,7jnhjfpr,dune_lizard,7,7571,1450,1737,1.98,0.2,90,110,0,dizzy,strong_disease,true,52,0,52,-39,0,-39,-16,0,-16,-2,0,-2,-16,0,-16,-55,0,-55,-14,0,-14,-99,0,-99
71fd75ss,kaj8gq3t,razor_cat,13,10137,5435,3981,1.97,0.29,170,180,0,"",intimidation,false,59,0,59,-62,0,-62,0,44,44,-34,0,-34,-23,0,-23,-88,0,-88,-1,0,-1,-99,0,-99
722pd8fo,dnoc79f5,graul,44,11125,9850,10622,2.07,0.43,410,420,1,dizzy,strong_disease,true,15,0,15,8,0,8,-40,0,-40,30,0,30,30,0,30,30,0,30,-39,0,-39,-40,0,-40
73mpkmr3,chaofnj2,bolle_bol,10,7930,3119,1719,1.98,0.21,260,270,0,stunning,intimidation,false,51,0,51,-6,0,-6,-20,0,-20,-3,0,-3,-1,0,-1,-13,0,-13,-19,0,-19,-99,0,-99
767fs25r,4t68q2pb,gnort,15,5632,3496,2724,1.98,0.24,80,90,0,crippling,intimidation,false,28,0,28,5,0,5,0,9,9,-99,0,-99,-68,0,-68,-68,0,-68,-5,0,-5,-99,0,-99
76l35fh3,5kq61f9k,razor_cat,12,9671,5758,3747,1.98,0.28,45,50,0,"",intimidation,false,55,0,55,-62,0,-62,0,42,42,-9,0,-9,-11,0,-11,-63,0,-63,11,0,11,-74,0,-74
7703l8uk,m621m8ul,gnort,15,6924,3496,3083,1.98,0.24,80,90,0,crippling,intimidation,false,28,0,28,5,0,5,0,9,9,-99,0,-99,-68,0,-68,-68,0,-68,-5,0,-5,-99,0,-99
77ql8ptu,4dvicp9c,razor_cat,10,10425,5004,3316,1.98,0.22,120,130,0,crippling,intimidation,false,59,0,59,-63,0,-63,0,44,44,-35,0,-35,-25,0,-25,-89,0,-89,-3,0,-3,-99,0,-99
78mq8sed,ovn4nsid,bantha,10,6835,3747,1791,1.99,0.22,290,300,0,strong_poison,strong_disease,true,48,0,48,-57,0,-57,-8,0,-8,-23,0,-23,-20,0,-20,-68,0,-68,-19,0,-19,-87,0,-87
796eu7oq,kg19t749,bantha,10,2957,1127,965,2.16,0.22,120,130,0,dizzy,"",true,0,4,4,-64,0,-64,0,4,4,-64,0,-64,-63,0,-63,-63,0,-63,-64,0,-64,-19,0,-19
7crg94bn,ap9b343e,gnort,58,11538,10622,10263,1.98,0.45,430,440,1,"",dizzy,true,42,0,42,49,0,49,37,0,37,45,0,45,83,0,83,83,0,83,37,0,37,37,0,37
7ebgavgf,niqh3vcn,razor_cat,15,6224,3622,2904,1.99,0.24,80,90,0,crippling,"",false,28,0,28,5,0,5,0,9,9,-99,0,-99,-70,0,-70,-70,0,-70,-6,0,-6,-99,0,-99
7ejfcq4v,3c968q42,merek,34,9330,9725,9114,2.24,0.44,300,310,0,stunning,intimidation,false,17,0,17,16,0,16,5,0,5,59,0,59,5,0,5,-11,0,-11,-97,0,-97,-53,0,-53
7gp5n10i,bgusn1g1,gurrcat,40,11143,8791,9276,1.97,0.39,250,260,1,blinding,stunning,false,47,0,47,40,0,40,19,0,19,21,0,21,19,0,19,72,0,72,72,0,72,48,0,48
7hu8m9al,6jpb28m6,brackaset,8,8073,4070,1719,2.06,0.2,220,230,0,stunning,intimidation,false,51,0,51,-53,0,-53,-28,0,-28,-10,0,-10,-8,0,-8,-68,0,-68,-26,0,-26,-99,0,-99
7k58rcin,i8k3icef,razor_cat,10,839,678,839,2.16,0.22,50,55,0,"",intimidation,false,13,0,13,2,0,2,7,0,7,0,0,0,-69,0,-69,-69,0,-69,-69,0,-69,-99,0,-99
7l9402sg,mrc6d28i,rancor,35,11340,9599,7983,1.98,0.41,340,350,1,stunning,intimidation,false,60,0,60,-78,0,-78,-17,0,-17,-6,0,-6,-5,0,-5,-86,0,-86,-16,0,-16,-99,0,-99
7lnnscdt,rjifhctv,bantha,15,7481,5650,2742,2.15,0.22,120,130,0,crippling,dizzy,false,59,0,59,-63,0,-63,0,26,26,-35,0,-35,-25,0,-25,-89,0,-89,-3,0,-3,-99,0,-99
7p5lkodh,p8p9no5v,razor_cat,11,10622,6278,3424,1.97,0.23,120,130,0,crippling,intimidation,false,59,0,59,-63,0,-63,0,44,44,-35,0,-35,-25,0,-25,-89,0,-89,-3,0,-3,-99,0,-99
7pg91aic,u0jr2aed,mott,40,9222,8468,10999,1.98,0.45,315,340,0,knockdown,crippling,true,60,0,60,60,0,60,29,0,29,20,0,20,-5,0,-5,-70,0,-70,-24,0,-24,-5,0,-5
7q9dg775,t7upb6ne,gurreck,48,10927,9366,10496,1.99,0.48,380,390,1,strong_poison,strong_disease,true,30,0,30,30,0,30,52,0,52,0,3,3,25,0,25,52,0,52,52,0,52,52,0,52
847ncae9,jtk7vfj9,gurrcat,14,8540,5578,3263,1.98,0.26,330,340,0,stunning,intimidation,true,40,0,40,-26,0,-26,-55,0,-55,-20,0,-20,-15,0,-15,-55,0,-55,-52,0,-52,-99,0,-99
85e26vu9,43traveg,brackaset,10,9545,5506,3137,1.98,0.22,120,130,0,"",intimidation,false,59,0,59,-62,0,-62,0,44,44,-34,0,-34,-23,0,-23,-99,0,-99,-1,0,-1,-99,0,-99
85u8jndh,m9rkqnpj,bantha,10,2904,1019,785,2.16,0.2,120,130,0,dizzy,"",false,0,4,4,-64,0,-64,0,4,4,-64,0,-64,-64,0,-64,-64,0,-64,-64,0,-64,-29,0,-29
85v9cd9p,qv6dpdhl,razor_cat,10,10030,5740,3316,1.98,0.22,120,130,0,"",intimidation,false,59,0,59,-63,0,-63,0,43,43,-35,0,-35,-25,0,-25,-89,0,-89,-3,0,-3,-99,0,-99
861hou77,e4lssu7t,woolamander,24,7930,6404,5363,2.15,0.28,230,240,0,knockdown,blinding,true,43,0,43,-1,0,-1,0,22,22,91,0,91,66,0,66,45,0,45,16,0,16,-5,0,-5
889ljj1u,1eo7fcdh,gnort,3,283,121,139,2.16,0.2,30,40,0,stunning,"",false,3,0,3,0,0,0,2,0,2,0,0,0,0,0,0,0,0,0,0,0,0,-99,0,-99
89bqduic,c0lifum3,razor_cat,13,2293,2922,2042,2.16,0.27,45,50,0,dizzy,"",false,18,0,18,0,2,2,0,2,2,0,2,2,0,2,2,-44,0,-44,-44,0,-44,-99,0,-99
8e63pali,k5vqe9te,bantha,15,6619,3550,2993,1.98,0.24,80,90,0,crippling,intimidation,false,28,0,28,5,0,5,0,9,9,-99,0,-99,-68,0,-68,-68,0,-68,-5,0,-5,-99,0,-99
8i428uuc,r035du6v,gnort,15,6835,3442,3119,1.99,0.24,80,90,0,crippling,intimidation,false,28,0,28,5,0,5,0,9,9,-99,0,-99,-68,0,-68,-99,0,-99,-5,0,-5,-99,0,-99
8mgpmeev,c53ggem6,thune,15,103,193,85,2.24,0.2,30,40,0,"","",false,0,0,0,0,0,0,0,0,0,0,0,0,0,0,0,0,0,0,0,0,0,-99,0,-99
8olil5k1,d6cp95ct,razor_cat,17,3927,2293,3442,1.99,0.26,260,270,0,knockdown,"",true,-1,0,-1,18,0,18,0,0,0,-46,0,-46,-34,0,-34,-44,0,-44,8,0,8,-94,0,-94
8p4fnfdi,nn8gacl4,guf_drolg,13,7086,1916,3406,1.99,0.26,200,210,0,dizzy,strong_disease,true,42,0,42,-1,0,-1,-54,0,-54,-9,0,-9,-54,0,-54,-54,0,-54,-49,0,-49,-99,0,-99
8pe1l50p,tv59oqf3,razor_cat,11,5632,2275,2042,1.97,0.21,170,180,0,knockdown,intimidation,true,20,0,20,-1,0,-1,-34,0,-34,-1,0,-1,-1,0,-1,-34,0,-34,-1,0,-1,-74,0,-74
8r8v4639,i5qap6bg,kima,23,9168,3604,2168,1.99,0.21,290,300,1,stunning,intimidation,true,60,0,60,-22,0,-22,-33,0,-33,-32,0,-32,-32,0,-32,-59,0,-59,-32,0,-32,-99,0,-99
8r9hsi84,kna85iol,kaadu,8,570,1288,1503,2.16,0.25,80,90,0,"",knockdown,false,8,0,8,8,0,8,0,0,0,0,0,0,0,0,0,0,0,0,0,0,0,-99,0,-99
8roonn2r,6295lnu3,narglatch,15,2634,3209,2545,2.02,0.29,45,50,0,stunning,crippling,false,20,0,20,25,0,25,0,5,5,-56,0,-56,-56,0,-56,-55,0,-55,-50,0,-50,-62,0,-62
91i98m49,0h0q8mcg,bantha,11,1593,732,426,2.18,0.21,30,40,0,"",intimidation,false,18,0,18,0,2,2,25,0,25,25,0,25,25,0,25,-39,0,-39,-39,0,-39,-99,0,-99
92epbi4d,i84eei0o,kima,24,4717,4627,4304,2.16,0.33,150,160,0,dizzy,stunning,true,29,0,29,29,0,29,0,17,17,29,0,29,0,17,17,0,17,17,8,0,8,-54,0,-54
94e0vugf,jh4lkuoq,dune_lizard,38,10784,8181,9832,1.98,0.41,350,360,0,blinding,stunning,true,48,0,48,41,0,41,27,0,27,-5,0,-5,27,0,27,72,0,72,72,0,72,52,0,52
9615rr0p,1tlktrc3,dune_lizard,42,10802,9814,10676,2.16,0.48,340,350,0,blinding,stunning,true,48,0,48,41,0,41,27,0,27,-5,0,-5,27,0,27,72,0,72,72,0,72,52,0,52
97qff336,jspq83vn,gurrcat,10,9348,5309,2850,1.97,0.22,120,130,0,crippling,dizzy,false,59,0,59,-62,0,-62,0,44,44,-34,0,-34,-23,0,-23,-88,0,-88,-1,0,-1,-99,0,-99
9avaio04,ce00apsb,graul,37,12363,9725,7373,2.15,0.39,385,480,1,"",dizzy,true,60,0,60,-87,0,-87,0,7,7,-3,0,-3,-5,0,-5,-93,0,-93,-3,0,-3,-94,0,-94
9ftbnh91,vk16gh5v,choku,61,12291,10640,10927,1.98,0.48,460,470,1,"",dizzy,true,37,0,37,53,0,53,23,0,23,56,0,56,76,0,76,69,0,69,20,0,20,20,0,20
9kfis0vn,obig33vp,brackaset,16,8576,6601,3227,2.14,0.23,320,330,0,"",medium_disease,false,60,0,60,-74,0,-74,-20,0,-20,-7,0,-7,-6,0,-6,-84,0,-84,-19,0,-19,-99,0,-99
a3td9tam,4aghbtug,gurrcat,10,9814,5955,2257,1.98,0.22,120,130,0,crippling,"",false,59,0,59,-62,0,-62,0,44,44,-34,0,-34,-23,0,-23,-89,0,-89,-1,0,-1,-99,0,-99
a9isngin,bmav9hib,gurrcat,6,8773,1862,1970,1.99,0.2,120,130,0,stunning,"",false,51,0,51,-5,0,-5,-10,0,-10,-1,0,-1,-1,0,-1,-22,0,-22,-22,0,-22,-99,0,-99
ahv8bvor,637hvvk7,carrion_spat,10,3532,1127,929,2.17,0.21,120,130,0,dizzy,"",false,0,4,4,-64,0,-64,0,4,4,-64,0,-64,-64,0,-64,-64,0,-64,-64,0,-64,-29,0,-29
ak2k8ng4,jaq75nso,kaadu,10,9258,5524,3029,1.97,0.22,120,130,0,crippling,intimidation,false,59,0,59,-62,0,-62,0,44,44,-34,0,-34,-23,0,-23,-88,0,-88,-1,0,-1,-99,0,-99
amekmbm1,gm81nbmi,razor_cat,34,10532,7445,5309,1.98,0.31,270,280,1,"",strong_poison,true,55,0,55,37,0,37,-52,0,-52,70,0,70,-23,0,-23,39,0,39,74,0,74,-39,0,-39
aobcmg94,kdcgdht7,razor_cat,10,2204,1378,1486,2.16,0.22,55,65,0,dizzy,"",false,0,2,2,-44,0,-44,0,2,2,-44,0,-44,-44,0,-44,-44,0,-44,-44,0,-44,-54,0,-54
at8d24tc,sho0b4pk,rancor,35,8342,2796,3227,1.99,0.26,400,410,0,stunning,intimidation,true,40,0,40,-6,0,-6,-69,0,-69,-10,0,-10,-5,0,-5,-30,0,-30,-66,0,-66,-99,0,-99
atsfiid3,9b99uil9,gurnaset,33,9976,8540,7463,2.44,0.41,45,50,0,stunning,crippling,false,50,0,50,60,0,60,0,28,28,0,28,28,0,28,28,0,28,28,0,28,28,0,28,28
b14a4i8b,ilvktmfv,kaadu,11,8468,2922,3227,1.98,0.22,260,270,0,"",intimidation,true,40,0,40,-6,0,-6,-69,0,-69,-10,0,-10,-5,0,-5,-30,0,-30,-66,0,-66,-99,0,-99
b3np596f,7ob039ah,bearded_jax,15,5506,4501,2904,2.15,0.25,120,130,0,"",dizzy,false,44,0,44,0,0,0,0,13,13,-99,0,-99,-68,0,-68,-68,0,-68,-5,0,-5,-99,0,-99
b8a0cl31,sfjejmfd,cu_pa,14,3819,3191,3334,2.16,0.26,70,75,0,dizzy,"",false,0,10,10,0,10,10,7,0,7,0,10,10,27,0,27,27,0,27,-44,0,-44,-99,0,-99
b9a7mmi9,6hpsmmeg,dune_lizard,5,67,67,67,2.24,0.2,30,40,0,"","",false,0,0,0,0,0,0,0,0,0,0,0,0,0,0,0,0,0,0,0,0,0,-99,0,-99
bdid1j94,8rqgaej1,gurreck,40,9832,9850,9366,2.16,0.42,230,240,0,stunning,crippling,false,50,0,50,60,0,60,0,26,26,0,26,26,0,26,26,0,26,26,0,26,26,0,26,26
behpe7j5,arnq47rm,dewback,10,7840,4519,1862,1.99,0.21,190,200,0,stunning,intimidation,true,60,0,60,-8,0,-8,-35,0,-35,-35,0,-35,-35,0,-35,-48,0,-48,-35,0,-35,-99,0,-99
bf9gt6fh,ihu3gg0t,cu_pa,11,1162,1306,857,2.16,0.27,45,50,0,mild_disease,intimidation,true,0,4,4,6,0,6,-64,0,-64,0,4,4,-64,0,-64,0,0,0,0,3,3,-99,0,-99
bhm6l6s5,4slndd9q,razor_cat,10,9760,6529,3173,1.97,0.22,120,130,0,crippling,intimidation,false,59,0,59,-62,0,-62,0,44,44,-34,0,-34,-24,0,-24,-88,0,-88,-19,0,-19,-99,0,-99
bhqn6sa2,a7gkqvun,durni,6,175,247,534,2.16,0.26,30,40,0,intimidation,crippling,false,0,0,0,0,0,0,6,0,6,0,0,0,0,0,0,0,0,0,0,0,0,-99,0,-99
bjr0qlr9,vi99plrg,cu_pa,10,1073,355,1773,2.27,0.22,30,40,0,"",intimidation,false,0,8,8,0,8,8,6,0,6,0,8,8,19,0,19,19,0,19,-30,0,-30,-99,0,-99
bmr7ome1,pdpfv93f,dune_lizard,5,157,157,139,2.25,0.21,30,40,0,"","",false,0,0,0,0,0,0,0,0,0,0,0,0,0,0,0,0,0,0,0,0,0,0,0,0
bp2ns93n,6lbckaf3,rancor,63,12130,12309,12094,1.98,0.6,370,380,1,knockdown,"",false,35,0,35,60,0,60,0,7,7,85,0,85,85,0,85,85,0,85,0,7,7,0,7,7
bpfsb3i5,io95cn7j,dewback,10,8019,1701,1827,1.98,0.21,300,310,0,stunning,intimidation,false,51,0,51,-6,0,-6,-20,0,-20,-3,0,-3,-1,0,-1,-13,0,-13,-19,0,-19,-99,0,-99
bqk8jnd8,56okbn5e,razor_cat,10,3281,1073,893,2.16,0.2,120,130,0,dizzy,"",true,0,4,4,-64,0,-64,0,4,4,-64,0,-64,-64,0,-64,-64,0,-64,-64,0,-64,-29,0,-29
branrnji,r87msnb4,gurrcat,15,2114,3406,4429,1.99,0.36,220,230,0,crippling,intimidation,true,41,0,41,-1,0,-1,-29,0,-29,-10,0,-10,-29,0,-29,-54,0,-54,-27,0,-27,-59,0,-59
bu1pu47d,dldko43r,brackaset,11,8791,5937,2886,1.98,0.24,220,230,0,"",intimidation,true,60,0,60,-33,0,-33,-58,0,-58,-58,0,-58,-58,0,-58,-99,0,-99,-58,0,-58,-99,0,-99
bvda7vsi,mlkg2v8u,graul,40,11376,8881,7230,2.0,0.35,380,390,1,dizzy,crippling,false,53,0,53,6,0,6,42,0,42,19,0,19,48,0,48,-19,0,-19,20,0,20,0,0,0
c02pdnrm,4f99jnbj,gurreck,16,8235,2868,4124,1.98,0.31,370,380,0,stunning,intimidation,false,40,0,40,-6,0,-6,-69,0,-69,-10,0,-10,-5,0,-5,-30,0,-30,-66,0,-66,-99,0,-99
c0cnraai,gjofca6o,gnort,12,5058,3747,2634,1.98,0.2,30,40,0,crippling,intimidation,false,28,0,28,5,0,5,0,9,9,-99,0,-99,-68,0,-68,-68,0,-68,-5,0,-5,-99,0,-99
c2h52ioh,rhsa5i07,gurreck,7,9132,1898,2006,1.98,0.2,220,230,0,stunning,intimidation,false,56,0,56,-42,0,-42,-18,0,-18,-2,0,-2,-1,0,-1,-48,0,-48,-17,0,-17,-99,0,-99
c4l02bpl,g2nofbpk,huurton,16,7032,4824,3065,1.98,0.24,90,110,0,dizzy,intimidation,false,28,0,28,16,0,16,-40,0,-40,-60,0,-60,-14,0,-14,-30,0,-30,-8,0,-8,-99,0,-99
c7lgvk6t,ku91ska3,narglatch,16,2383,2006,1827,2.15,0.24,90,110,0,stunning,crippling,true,26,0,26,33,0,33,0,4,4,-33,0,-33,-33,0,-33,-85,0,-85,-78,0,-78,-99,0,-99
c8af851d,21rjqq8a,choku,26,8648,3406,5058,2.32,0.24,120,130,1,dizzy,blinding,true,48,0,48,41,0,41,48,0,48,32,0,32,40,0,40,-86,0,-86,0,0,0,0,0,0
ccf41vkj,drq6fvcp,bol,10,9581,6135,3245,1.98,0.22,120,130,0,crippling,intimidation,false,59,0,59,-62,0,-62,0,44,44,-34,0,-34,-23,0,-23,-88,0,-88,-1,0,-1,-99,0,-99
cdujlsnu,o84putqr,huurton,11,8558,6691,3281,1.98,0.24,120,130,0,"",intimidation,false,59,0,59,-28,0,-28,0,42,42,-29,0,-29,-60,0,-60,-89,0,-89,-41,0,-41,-99,0,-99
cf3f2ljl,hmqk1lf9,bearded_jax,3,103,103,175,2.17,0.21,30,40,0,"","",false,0,0,0,0,0,0,1,0,1,0,0,0,0,0,0,0,0,0,0,0,0,-99,0,-99
cfs6pgtd,8reehgl4,cu_pa,10,3532,1127,929,2.16,0.2,120,130,0,dizzy,"",false,0,4,4,-64,0,-64,0,4,4,-64,0,-64,-64,0,-64,-64,0,-64,-64,0,-64,-29,0,-29
cgknrfav,rfbo4fi0,rancor,62,12309,9814,11286,1.97,0.51,510,520,1,stunning,intimidation,true,41,0,41,48,0,48,25,0,25,51,0,51,83,0,83,83,0,83,25,0,25,25,0,25
cj1o2v3n,qvhlrubf,woolamander,26,7804,5883,5363,2.16,0.28,360,370,0,knockdown,"",true,43,0,43,-22,0,-22,0,21,21,91,0,91,66,0,66,45,0,45,16,0,16,-5,0,-5
ctpoc9k2,1dr7fpkh,cu_pa,25,7140,6565,6871,2.17,0.3,180,190,0,crippling,intimidation,false,45,0,45,0,7,7,60,0,60,60,0,60,60,0,60,-99,0,-99,-99,0,-99,-99,0,-99
d0a2o7dt,b71e641o,dune_lizard,15,8504,4465,4340,1.99,0.31,330,340,0,stunning,intimidation,true,40,0,40,-6,0,-6,-69,0,-69,-10,0,-10,-5,0,-5,-30,0,-30,-66,0,-66,-99,0,-99
d5j7caq6,oat3dau1,gurreck,70,12686,12668,12597,2.19,0.64,480,670,1,blinding,stunning,false,56,0,56,57,0,57,57,0,57,51,0,51,8,0,8,16,0,16,6,0,6,12,0,12
d7eno4sq,52532qhg,vir_vur,7,1055,983,1055,2.24,0.22,45,50,0,"","",false,0,0,0,0,0,0,0,0,0,0,0,0,-99,0,-99,-99,0,-99,-99,0,-99,-99,0,-99
d7qrquna,6macouvi,woolamander,24,7822,6440,5829,1.98,0.28,230,240,0,knockdown,"",true,43,0,43,-1,0,-1,0,22,22,91,0,91,66,0,66,45,0,45,16,0,16,-5,0,-5
d8i9lk5v,lmho8b59,bantha,13,9581,6637,5435,1.99,0.29,120,130,0,"",dizzy,false,59,0,59,-62,0,-62,0,43,43,-34,0,-34,-23,0,-23,-88,0,-88,-1,0,-1,-99,0,-99
d9fabm4h,l6unkieo,razor_cat,10,7983,3334,1737,1.98,0.2,280,290,0,stunning,intimidation,false,51,0,51,-42,0,-42,-21,0,-21,-4,0,-4,-2,0,-2,-49,0,-49,-21,0,-21,-99,0,-99
dacl3328,eugjrslp,bantha,17,4699,4806,4250,2.24,0.26,130,140,0,stunning,"",false,0,4,4,30,0,30,0,4,4,-99,0,-99,30,0,30,-99,0,-99,0,0,0,0,0,0
dc3bsm2d,la3rhm2d,dune_lizard,6,606,911,1665,2.24,0.22,30,40,0,"","",false,0,0,0,0,0,0,0,0,0,-49,0,-49,0,0,0,-39,0,-39,-9,0,-9,-99,0,-99
dcfolokr,4osbtoc2,razor_cat,31,11484,8648,5955,1.99,0.35,345,400,1,stunning,intimidation,false,59,0,59,-55,0,-55,-30,0,-30,6,0,6,10,0,10,-55,0,-55,-28,0,-28,-99,0,-99
dcnqk0gj,dj3rq0s9,razor_cat,15,9814,6565,7158,1.98,0.29,300,310,0,knockdown,strong_poison,false,50,0,50,-23,0,-23,0,47,47,-4,0,-4,-9,0,-9,-44,0,-44,-22,0,-22,-44,0,-44
dd64cv09,tkn5vvoh,bantha,15,6763,3370,3029,1.98,0.24,80,90,0,crippling,intimidation,false,28,0,28,5,0,5,0,9,9,-99,0,-99,-70,0,-70,-70,0,-70,-6,0,-6,-99,0,-99
dd7b3m45,vhmeamot,gurrcat,10,8271,1557,1862,1.99,0.2,300,310,0,stunning,intimidation,true,51,0,51,-42,0,-42,-21,0,-21,-4,0,-4,-2,0,-2,-49,0,-49,-21,0,-21,-99,0,-99
ddsec97p,m15p59j5,dewback,5,265,157,157,2.24,0.21,35,40,0,"","",false,0,0,0,0,0,0,0,0,0,0,0,0,0,0,0,0,0,0,0,0,0,0,0,0
de8b5mk2,8s611ms5,gurrcat,10,8217,3173,1791,1.98,0.2,280,290,0,stunning,intimidation,false,51,0,51,-42,0,-42,-21,0,-21,-4,0,-4,-2,0,-2,-49,0,-49,-21,0,-21,-99,0,-99
dede44tu,jn8jn5dc,durni,30,9455,6153,8468,1.99,0.34,340,350,0,dizzy,blinding,false,53,0,53,43,0,43,53,0,53,31,0,31,31,0,31,-99,0,-99,-22,0,-22,-22,0,-22
dfi1gvdb,5u8giv5m,mott,21,6655,4501,3460,2.01,0.25,170,180,0,stunning,intimidation,false,42,0,42,52,0,52,-8,0,-8,-34,0,-34,-11,0,-11,-11,0,-11,-1,0,-1,-36,0,-36
dfr7jh02,nbfjgqh0,razor_cat,33,10837,8019,9294,2.17,0.37,380,390,1,stunning,intimidation,false,60,0,60,-40,0,-40,14,0,14,-20,0,-20,10,0,10,-40,0,-40,11,0,11,-50,0,-50
di2ccqkm,v5283rkm,choku,32,9509,6045,6888,2.16,0.31,230,240,1,dizzy,blinding,false,49,0,49,41,0,41,48,0,48,33,0,33,40,0,40,-90,0,-90,0,0,0,0,0,0
dj5r2sqd,ht82vvir,durni,6,157,139,139,2.16,0.21,120,130,0,intimidation,crippling,false,0,0,0,0,0,0,6,0,6,0,0,0,0,0,0,0,0,0,0,0,0,-99,0,-99
dln8ukpf,mbgvjk5s,razor_cat,22,4914,4016,3729,2.25,0.29,340,350,0,stunning,intimidation,true,19,0,19,17,0,17,12,0,12,0,0,0,-5,0,-5,-75,0,-75,-20,0,-20,-99,0,-99
dodd8r81,c3qfuo8a,choku,34,10102,6817,7301,2.16,0.32,260,270,1,dizzy,blinding,true,48,0,48,41,0,41,52,0,52,29,0,29,46,0,46,-56,0,-56,11,0,11,11,0,11
dq388v2f,48sqcvq0,gnort,14,6404,3119,3029,1.99,0.24,80,90,0,crippling,intimidation,false,28,0,28,5,0,5,0,9,9,-99,0,-99,-68,0,-68,-99,0,-99,-5,0,-5,-99,0,-99
drvslhsd,5qvcnhsd,cu_pa,13,2275,2850,1755,1.99,0.28,70,75,0,stunning,"",true,0,1,1,0,1,1,0,1,1,0,1,1,0,1,1,0,1,1,0,1,1,-99,0,-99
dta2275t,p4lb17p2,dune_lizard,13,818,2814,3137,2.22,0.26,330,340,0,stunning,intimidation,true,40,0,40,-25,0,-25,-54,0,-54,-19,0,-19,-14,0,-14,-54,0,-54,-51,0,-51,-99,0,-99
dvveblt9,l5fvelhh,bearded_jax,15,5740,3568,2796,1.99,0.24,80,90,0,"",intimidation,false,28,0,28,5,0,5,0,9,9,-99,0,-99,-68,0,-68,-68,0,-68,-5,0,-5,-99,0,-99
e0dofdgr,uvgpg2g6,kaadu,10,10102,6350,3281,1.98,0.22,120,130,0,"",dizzy,false,59,0,59,-62,0,-62,0,44,44,-34,0,-34,-11,0,-11,-76,0,-76,-19,0,-19,-99,0,-99
e0egmmd6,u3rghl5c,eopie,21,9707,5722,7158,2.2,0.29,190,200,0,strong_poison,strong_disease,true,22,0,22,16,0,16,9,0,9,-16,0,-16,-16,0,-16,-55,0,-55,-29,0,-29,-45,0,-45
e27uddsi,0f02ndch,boar_wolf,15,6278,3352,2886,1.99,0.24,90,110,0,crippling,intimidation,false,0,28,28,5,0,5,0,9,9,-99,0,-99,-70,0,-70,-70,0,-70,-6,0,-6,-99,0,-99
e2jpptk4,6ge8ttcq,razor_cat,29,10748,8378,5901,2.15,0.33,350,410,1,stunning,intimidation,false,60,0,60,-68,0,-68,-15,0,-15,-7,0,-7,-5,0,-5,-77,0,-77,-10,0,-10,-99,0,-99
e3rk8rq7,vhemdr2d,durni,37,9904,10317,9455,2.09,0.44,280,290,0,knockdown,"",false,20,0,20,47,0,47,-32,0,-32,79,0,79,79,0,79,79,0,79,-32,0,-32,-32,0,-32
e8qf5ahs,68culal7,bantha,15,6547,3640,2850,1.98,0.24,80,90,0,"",intimidation,false,28,0,28,5,0,5,0,9,9,-99,0,-99,-68,0,-68,-68,0,-68,-5,0,-5,-99,0,-99
e9tb5r0n,im6iqroa,gurrcat,43,10963,8989,8953,2.09,0.42,300,310,1,blinding,stunning,true,46,0,46,40,0,40,30,0,30,12,0,12,30,0,30,72,0,72,72,0,72,53,0,53
eap9epkf,4vmtko08,dewback,10,3316,1091,875,2.16,0.2,120,130,0,dizzy,"",false,0,4,4,-64,0,-64,0,4,4,-64,0,-64,-64,0,-64,-64,0,-64,-64,0,-64,-99,0,-99
ebs8svhk,ih1gpvdq,narglatch,47,11502,9581,9707,1.98,0.4,370,380,1,dizzy,blinding,true,60,0,60,0,0,0,48,0,48,76,0,76,63,0,63,-66,0,-66,15,0,15,0,2,2
ecs7gjd3,vr25vj5c,gurreck,33,10084,8342,6978,1.98,0.31,230,240,0,stunning,crippling,false,50,0,50,60,0,60,0,26,26,0,26,26,0,26,26,0,26,26,0,26,26,0,26,26
efbpqr1j,n55bvqdk,cu_pa,11,7930,3765,1880,1.98,0.21,230,240,0,stunning,intimidation,true,60,0,60,-62,0,-62,-20,0,-20,-19,0,-19,-19,0,-19,-84,0,-84,-19,0,-19,-99,0,-99
efi4mcj3,gc2phcjr,gurrcat,17,8971,7858,5291,2.06,0.32,350,360,0,stunning,intimidation,false,60,0,60,-72,0,-72,-1,0,-1,-1,0,-1,-16,0,-16,-94,0,-94,-1,0,-1,-94,0,-94
em8mm30g,9r4os34m,kimogila,40,12004,9976,8504,1.98,0.4,310,320,1,stunning,intimidation,false,60,0,60,-91,0,-91,-6,0,-6,1,0,1,-3,0,-3,-91,0,-91,-1,0,-1,-96,0,-96
emhu8r6m,bv3ba45h,durni,46,11179,10137,11340,1.98,0.5,340,350,1,"","",true,46,0,46,-17,0,-17,37,0,37,41,0,41,58,0,58,37,0,37,58,0,58,37,0,37
env3apdo,aeda8p11,cu_pa,10,10012,5847,3424,1.98,0.22,120,130,0,"",intimidation,false,59,0,59,-63,0,-63,0,44,44,0,0,0,0,0,0,-64,0,-64,0,0,0,-64,0,-64
ermaelaf,v0g99l6s,gurrcat,49,11538,9671,10191,2.04,0.45,330,340,1,stunning,intimidation,false,43,0,43,45,0,45,33,0,33,25,0,25,59,0,59,40,0,40,0,4,4,38,0,38
f11gpaq4,p8csqe2,razor_cat,10,9922,6224,3119,1.97,0.21,90,110,0,crippling,intimidation,false,59,0,59,-62,0,-62,0,44,44,-34,0,-34,-23,0,-23,-88,0,-88,-1,0,-1,-99,0,-99
f191r12n,9apcdipj,cu_pa,10,3783,1180,965,2.16,0.2,120,130,0,dizzy,"",false,0,4,4,-64,0,-64,0,4,4,-64,0,-64,-64,0,-64,-64,0,-64,-64,0,-64,-29,0,-29
f1eb8o9c,v06abo9o,cu_pa,13,5668,3209,2419,1.99,0.24,30,40,0,"",intimidation,true,28,0,28,6,0,6,1,0,1,-99,0,-99,-63,0,-63,-63,0,-63,-5,0,-5,-99,0,-99
f635ivp3,ftg4kv5q,mott,25,9150,4645,4034,2.03,0.26,240,250,0,knockdown,dizzy,false,55,0,55,60,0,60,-2,0,-2,12,0,12,-3,0,-3,-3,0,-3,-67,0,-67,-3,0,-3
fbeurnr0,56vaha7f,razor_cat,10,9366,5183,3227,1.97,0.22,120,130,0,"",intimidation,false,59,0,59,-26,0,-26,0,43,43,-69,0,-69,-48,0,-48,-78,0,-78,-38,0,-38,-99,0,-99
fbkac2uf,akv1i1uq,graul,34,10299,8881,9222,2.07,0.42,320,330,1,dizzy,stunning,true,48,0,48,-34,0,-34,44,0,44,41,0,41,38,0,38,-33,0,-33,11,0,11,-22,0,-22
feu7ai5u,hr9q1it5,razor_cat,22,4286,3514,3478,2.38,0.3,320,330,0,stunning,intimidation,true,19,0,19,15,0,15,10,0,10,0,0,0,-5,0,-5,-72,0,-72,-21,0,-21,-97,0,-97
ffi0k8v6,tcl53oap,shear_mite,24,9096,9078,8468,2.16,0.35,320,330,0,dizzy,mild_poison,true,40,0,40,-11,0,-11,0,24,24,-11,0,-11,-11,0,-11,-99,0,-99,-99,0,-99,-99,0,-99
fg8vlqv0,e5otfqj8,razor_cat,17,6350,3532,2850,1.99,0.24,180,190,0,"",intimidation,false,28,0,28,5,0,5,0,9,9,-99,0,-99,-68,0,-68,-68,0,-68,-5,0,-5,-99,0,-99
fgpu0pga,upisjp0f,razor_cat,17,4806,5040,5327,2.16,0.28,90,110,0,intimidation,"",true,17,0,17,20,0,20,-25,0,-25,-46,0,-46,-94,0,-94,-99,0,-99,-33,0,-33,0,0,0
fiqlo4qk,e9pnu46l,kaadu,15,6027,3209,3047,1.99,0.25,90,110,0,crippling,intimidation,true,26,0,26,1,0,1,-5,0,-5,-99,0,-99,-95,0,-95,-99,0,-99,0,9,9,-99,0,-99
fjaau5dt,c9nda5l3,choku,31,9007,6960,7822,2.0,0.36,390,400,0,dizzy,blinding,false,46,0,46,42,0,42,37,0,37,-6,0,-6,-6,0,-6,-99,0,-99,-44,0,-44,-44,0,-44
flm2jq4u,lsfn0opc,gnort,15,6763,3514,2957,1.99,0.24,80,90,0,crippling,intimidation,false,28,0,28,5,0,5,0,9,9,-99,0,-99,-68,0,-68,-68,0,-68,-5,0,-5,-99,0,-99
flrrcu26,ujjp1u22,dune_lizard,47,11502,9635,10371,1.98,0.37,310,320,1,"","",true,50,0,50,40,0,40,0,1,1,33,0,33,0,1,1,74,0,74,74,0,74,40,0,40
fnn9ob8k,fd08sbkf,razor_cat,18,7319,2616,1916,1.98,0.22,190,200,0,stunning,intimidation,true,-10,0,-10,55,0,55,-60,0,-60,-54,0,-54,63,0,63,-54,0,-54,-73,0,-73,-99,0,-99
fo3qjj9b,8t7l9clu,gnort,3,121,175,301,2.16,0.21,30,40,0,"","",false,0,0,0,0,0,0,0,0,0,0,0,0,-4,0,-4,-4,0,-4,-4,0,-4,-99,0,-99
focaavts,fefamv1t,slice_hound,25,9976,8289,8181,1.97,0.37,350,360,0,"",dizzy,false,48,0,48,-49,0,-49,19,0,19,-14,0,-14,-18,0,-18,-55,0,-55,40,0,40,-51,0,-51
fp8g0hqk,7vb0shel,falumpaset,15,3514,3119,2688,2.32,0.24,160,170,0,"","",false,0,4,4,20,0,20,-64,0,-64,33,0,33,33,0,33,33,0,33,-64,0,-64,-99,0,-99
fq6ifpsj,v9lj8p4a,bantha,14,2832,1629,1486,2.16,0.27,70,75,0,stunning,"",false,10,0,10,16,0,16,0,9,9,0,9,9,0,9,9,-39,0,-39,0,9,9,-69,0,-69
fqdnbt6v,ilcckiec,slice_hound,10,10066,6278,3327,1.97,0.22,120,130,0,"",intimidation,false,59,0,59,-62,0,-62,0,44,44,-34,0,-34,-11,0,-11,-76,0,-76,-19,0,-19,-99,0,-99
fqhgm6nl,5g13ih5o,kima,25,9922,4896,3406,2.01,0.23,380,390,1,stunning,intimidation,true,60,0,60,-69,0,-69,-25,0,-25,-24,0,-24,-22,0,-22,-95,0,-95,-24,0,-24,-99,0,-99
fr2qp3ov,eq0or3ou,dewback,10,3119,983,875,2.16,0.2,120,130,0,"","",false,0,4,4,-64,0,-64,0,4,4,-64,0,-64,-64,0,-64,-64,0,-64,-64,0,-64,-34,0,-34
frfksnne,k3v9d8h1,bantha,5,624,1144,229,2.18,0.0,30,40,0,crippling,intimidation,false,11,0,11,0,0,0,15,0,15,15,0,15,15,0,15,-24,0,-24,-24,0,-24,-99,0,-99
fspndh62,6pm47hml,choku,14,8630,5452,3155,1.98,0.26,270,280,0,strong_poison,stunning,true,39,0,39,-3,0,-3,-29,0,-29,-14,0,-14,-29,0,-29,-45,0,-45,-7,0,-7,-51,0,-51
fsv7uc9p,59fjkc1h,dewback,15,7014,5542,2742,2.15,0.22,120,130,0,"",intimidation,false,59,0,59,-63,0,-63,0,26,26,-35,0,-35,-25,0,-25,-89,0,-89,-3,0,-3,-99,0,-99
fuc2li21,i4fpgiug,huurton,15,7894,2939,3173,1.99,0.26,400,410,0,stunning,intimidation,true,40,0,40,-7,0,-7,-70,0,-70,-11,0,-11,-6,0,-6,-31,0,-31,-67,0,-67,-99,0,-99
fuql3lhe,l4m1mgg1,durni,24,9958,8235,8414,2.16,0.32,330,340,0,dizzy,strong_poison,true,11,0,11,-34,0,-34,17,0,17,13,0,13,10,0,10,13,0,13,19,0,19,14,0,14
fv027vck,umd14vo2,bol,15,10263,6117,3406,1.98,0.22,120,130,0,"",intimidation,false,59,0,59,-62,0,-62,0,0,0,-34,0,-34,-23,0,-23,-88,0,-88,-1,0,-1,-99,0,-99
fvf96u01,3mfh4u41,gurrcat,50,11699,10694,10999,2.01,0.41,390,400,1,stunning,intimidation,false,44,0,44,46,0,46,23,0,23,30,0,30,54,0,54,27,0,27,-17,0,-17,29,0,29
g2loata2,c2l0bta2,gurrcat,10,9563,5722,3191,1.97,0.22,120,130,0,crippling,intimidation,false,59,0,59,-62,0,-62,0,44,44,-34,0,-34,-23,0,-23,-88,0,-88,-1,0,-1,-99,0,-99
g37ndufp,r280fuve,rancor,47,10604,9904,9509,1.99,0.48,310,320,1,strong_poison,intimidation,false,53,0,53,11,0,11,-49,0,-49,56,0,56,-24,0,-24,36,0,36,30,0,30,-25,0,-25
g4cajnbf,m5md1815,bantha,5,175,373,821,2.22,0.22,30,40,0,"",stunning,false,1,0,1,0,0,0,2,0,2,2,0,2,2,0,2,-4,0,-4,-4,0,-4,-69,0,-69
g6bu8d55,v5s0edle,bolle_bol,10,10155,6027,3119,1.98,0.22,120,130,0,crippling,dizzy,false,59,0,59,-62,0,-62,0,44,44,-34,0,-34,-22,0,-22,-86,0,-86,-19,0,-19,-99,0,-99
g6rhpm61,rkbat9fm,dune_lizard,5,103,85,85,2.17,0.21,30,40,0,"","",false,0,0,0,0,0,0,0,0,0,0,0,0,0,0,0,0,0,0,0,0,0,0,0,0
gatrbvpc,4fmjgvd9,mott,20,7427,4052,2616,2.0,0.22,160,170,0,stunning,intimidation,false,45,0,45,57,0,57,-4,0,-4,-20,0,-20,-6,0,-6,-6,0,-6,-1,0,-1,-21,0,-21
gfqn6h3i,0j5mfhvd,torton,23,10586,6619,4393,2.04,0.31,180,190,1,stunning,intimidation,true,60,0,60,-78,0,-78,-12,0,-12,-11,0,-11,-11,0,-11,-91,0,-91,-14,0,-14,-95,0,-95
gsek3vtt,9ca62vlv,narglatch,37,10820,8863,9366,1.98,0.42,330,340,1,stunning,dizzy,true,56,0,56,-38,0,-38,21,0,21,0,0,0,17,0,17,-37,0,-37,32,0,32,-36,0,-36
h21o1vvm,32rt0vvb,dune_lizard,6,498,606,283,2.24,0.21,40,45,0,"","",false,0,0,0,0,0,0,0,0,0,0,0,0,0,0,0,-54,0,-54,-54,0,-54,-99,0,-99
h43fep31,ahap5pr5,durni,32,8953,9204,8324,2.17,0.39,330,340,0,stunning,strong_poison,false,25,0,25,36,0,36,-90,0,-90,60,0,60,13,0,13,-41,0,-41,63,0,63,-60,0,-60
h583d98q,nd9te4j6,cu_pa,13,3819,3263,3532,2.24,0.23,90,110,0,"","",false,0,0,0,0,0,0,0,0,0,0,0,0,-59,0,-59,0,0,0,-99,0,-99,-99,0,-99
h854qtlr,16o47sdl,gnort,30,10263,8307,8809,2.01,0.35,320,330,0,dizzy,mild_poison,false,48,0,48,10,0,10,23,0,23,3,0,3,21,0,21,-73,0,-73,-17,0,-17,-30,0,-30
h96biki4,dp2ijkqm,narglatch,22,4788,5919,5542,1.99,0.34,170,180,0,dizzy,blinding,false,32,0,32,21,0,21,-15,0,-15,-94,0,-94,-4,0,-4,-41,0,-41,15,0,15,-99,0,-99
h993v5od,7hifu540,falumpaset,10,9958,5417,3155,1.97,0.22,120,130,0,crippling,"",false,59,0,59,-62,0,-62,0,43,43,-34,0,-34,-23,0,-23,-88,0,-88,-1,0,-1,-99,0,-99
hauh0ahu,mocu4917,bantha,15,6745,3640,2904,1.98,0.24,90,110,0,crippling,intimidation,false,28,0,28,5,0,5,0,9,9,-99,0,-99,-68,0,-68,-68,0,-68,-5,0,-5,-99,0,-99
hc6a35ve,uoalb5no,razor_cat,31,10802,8450,7786,1.98,0.36,220,230,1,blinding,medium_disease,false,36,0,36,38,0,38,-1,0,-1,-8,0,-8,-1,0,-1,-81,0,-81,0,3,3,-9,0,-9
hc9cibm0,7s91jbek,ikopi,26,9886,7589,8594,1.98,0.33,230,240,0,blinding,stunning,true,36,0,36,0,32,32,-64,0,-64,0,32,32,-4,0,-4,-64,0,-64,-64,0,-64,-64,0,-64
hm0oju9i,u3s6pu1s,durni,20,8217,5470,4286,1.99,0.28,220,230,0,strong_poison,strong_disease,false,0,43,43,0,43,43,0,43,43,-3,0,-3,-3,0,-3,-58,0,-58,-7,0,-7,-58,0,-58
hq6thq5k,79ngmqtc,razor_cat,12,10281,7050,6188,1.97,0.27,130,140,0,"",intimidation,true,48,0,48,-68,0,-68,0,44,44,-4,0,-4,-4,0,-4,-69,0,-69,-4,0,-4,-64,0,-64
hr9luhvr,59qtrh7i,gurreck,10,10155,5219,3298,1.98,0.22,120,130,0,crippling,dizzy,false,59,0,59,-63,0,-63,0,43,43,-35,0,-35,-25,0,-25,-89,0,-89,-3,0,-3,-99,0,-99
hvr3bv7a,9nqiavjq,woolamander,24,10066,6135,5632,2.16,0.28,370,380,0,knockdown,stunning,false,43,0,43,-22,0,-22,0,40,40,91,0,91,66,0,66,45,0,45,16,0,16,-25,0,-25
i1dnnm1i,65auent1,razor_cat,28,5417,5973,6350,2.29,0.38,280,290,0,strong_poison,blinding,true,37,0,37,19,0,19,0,8,8,28,0,28,25,0,25,-69,0,-69,25,0,25,-91,0,-91
i96n7l9n,cf0aqld8,razor_cat,25,6224,6350,6009,2.16,0.34,280,290,0,dizzy,blinding,true,17,0,17,11,0,11,0,16,16,1,0,1,1,0,1,-59,0,-59,1,0,1,-99,0,-99
ibisubb0,s6714brq,narglatch,58,12130,9796,11017,1.98,0.51,490,500,1,"",dizzy,true,35,0,35,49,0,49,28,0,28,45,0,45,72,0,72,69,0,69,26,0,26,26,0,26
ih37er4d,luv9gr43,razor_cat,23,10568,5596,4106,2.19,0.29,270,280,1,stunning,intimidation,false,60,0,60,-70,0,-70,-17,0,-17,-11,0,-11,-9,0,-9,-78,0,-78,-20,0,-20,-99,0,-99
iikhgmls,29agnmp3,bantha,10,9581,6565,3191,1.98,0.22,120,130,0,"","",false,59,0,59,-62,0,-62,0,44,44,-34,0,-34,-23,0,-23,-88,0,-88,-1,0,-1,-99,0,-99
imj6v5jk,25o6o82q,razor_cat,13,2383,2042,1952,2.03,0.26,30,40,0,stunning,knockdown,false,14,0,14,18,0,18,0,2,2,1,0,1,-4,0,-4,-17,0,-17,-4,0,-4,-99,0,-99
inbs7vgj,ptna3vkt,kaadu,10,10191,6691,3245,1.98,0.22,120,130,0,crippling,intimidation,false,59,0,59,-63,0,-63,0,44,44,-35,0,-35,-25,0,-25,-89,0,-89,-3,0,-3,-99,0,-99
io8uhn58,rtlcbg97,bantha,16,3657,3514,3604,2.16,0.31,70,75,0,dizzy,"",false,14,0,14,5,0,5,0,9,9,1,0,1,18,0,18,-44,0,-44,-39,0,-39,-44,0,-44
ipcqj1s7,8d8ea285,merek,32,9527,9096,8486,2.16,0.42,330,340,0,intimidation,crippling,false,37,0,37,6,0,6,16,0,16,-44,0,-44,-22,0,-22,-91,0,-91,-99,0,-99,25,0,25
iuopq8j9,u500s8vl,cu_pa,12,3945,4411,3604,2.19,0.25,90,110,0,dizzy,"",true,0,3,3,-64,0,-64,0,3,3,-64,0,-64,-64,0,-64,-64,0,-64,-64,0,-64,-9,0,-9
j1pmlm7s,m07snm7j,dune_lizard,14,8414,4268,3245,1.99,0.26,370,380,0,stunning,intimidation,true,40,0,40,-1,0,-1,-69,0,-69,-30,0,-30,-5,0,-5,-10,0,-10,-56,0,-56,-99,0,-99
j6soodhe,k2lp0a0j,ikopi,15,6440,3442,2778,1.98,0.24,90,110,0,"",intimidation,false,28,0,28,5,0,5,0,9,9,-99,0,-99,-34,0,-34,-34,0,-34,-55,0,-55,-99,0,-99
j7rql94q,2nmpk9sc,veermok,14,2598,2796,2760,1.99,0.31,70,75,0,"",crippling,false,0,2,2,0,2,2,0,0,0,0,0,0,0,0,0,0,0,0,0,0,0,-25,0,-25
j8hi6pnp,bo727pvi,dune_lizard,47,11250,10155,10119,2.13,0.47,290,300,1,"","",true,50,0,50,40,0,40,0,0,0,33,0,33,0,0,0,74,0,74,74,0,74,40,0,40
j8tqpuq8,26ao4v23,razor_cat,41,11053,8630,9366,1.99,0.34,270,280,1,stunning,crippling,true,52,0,52,56,0,56,40,0,40,46,0,46,18,0,18,12,0,12,11,0,11,22,0,22
j9cj7euc,97i7a0a0,durni,4,175,139,157,2.16,0.21,35,40,0,"",crippling,false,0,0,0,0,0,0,6,0,6,0,0,0,0,0,0,0,0,0,0,0,0,-99,0,-99
j9q4ad8s,slnr2acb,vesp,15,7194,3819,3011,1.98,0.24,90,110,0,crippling,intimidation,false,28,0,28,5,0,5,0,10,10,-99,0,-99,-70,0,-70,-70,0,-70,-6,0,-6,-99,0,-99
jbe77mki,eb5s6m47,gnort,14,6314,3137,1809,1.98,0.24,80,90,0,crippling,"",false,28,0,28,5,0,5,0,9,9,-99,0,-99,-68,0,-68,-68,0,-68,-5,0,-5,-99,0,-99
jfkdgjc0,vddkkjss,bantha,21,4717,4322,4250,2.16,0.34,120,130,0,stunning,medium_poison,true,29,0,29,29,0,29,0,14,14,0,14,14,0,14,14,0,14,14,-44,0,-44,-54,0,-54
jgb13jcl,bl0gog00,rancor,35,9850,8181,8504,2.15,0.33,400,410,0,blinding,stunning,true,40,0,40,41,0,41,62,0,62,-21,0,-21,62,0,62,69,0,69,70,0,70,67,0,67
jgbq7aiq,u4f0vl57,kimogila,56,11699,10891,10102,2.16,0.47,415,540,1,blinding,stunning,true,45,0,45,51,0,51,49,0,49,56,0,56,32,0,32,67,0,67,26,0,26,49,0,49
jgh9tjrs,8ufu0jr3,bantha,9,139,893,3155,2.2,0.33,30,40,0,strong_poison,"",true,1,0,1,0,0,0,0,0,0,0,0,0,0,0,0,-4,0,-4,0,0,0,-99,0,-99
jjtplh9n,8svaaris,squall,9,8324,1773,1880,1.99,0.21,280,290,0,stunning,intimidation,false,51,0,51,-9,0,-9,-21,0,-21,-21,0,-21,-19,0,-19,-32,0,-32,-21,0,-21,-99,0,-99
jmg60k8n,s3siaq7a,cu_pa,9,1432,947,552,2.27,0.24,30,40,0,dizzy,intimidation,false,5,0,5,5,0,5,0,4,4,0,4,4,-13,0,-13,-14,0,-14,0,4,4,-94,0,-94
jn4j7vqk,gbmkfvmd,dune_lizard,20,8342,5955,5219,2.25,0.36,330,340,0,strong_poison,strong_disease,true,32,0,32,-34,0,-34,-30,0,-30,-35,0,-35,-30,0,-30,-70,0,-70,-28,0,-28,-75,0,-75
jpn0ei0l,rpuheig1,cu_pa,10,2419,1252,2078,2.32,0.26,50,55,0,intimidation,"",false,0,10,10,-39,0,-39,0,10,10,-39,0,-39,-39,0,-39,-39,0,-39,-39,0,-39,-54,0,-54
jr1c3c93,oi9q1et7,gurrcat,14,8540,4322,3281,1.99,0.26,370,380,0,stunning,intimidation,true,40,0,40,-26,0,-26,-55,0,-55,-20,0,-20,-15,0,-15,-55,0,-55,-52,0,-52,-99,0,-99
jt8lb3ht,q94633pb,durni,19,5758,2706,2580,1.99,0.25,120,130,0,"","",true,27,0,27,37,0,37,0,16,16,0,16,16,-94,0,-94,-29,0,-29,-4,0,-4,-74,0,-74
ju6d14qq,6cr7442k,kaadu,15,6547,4645,3029,1.98,0.25,90,110,0,"",intimidation,true,26,0,26,1,0,1,-5,0,-5,-99,0,-99,-95,0,-95,-99,0,-99,0,9,9,-99,0,-99
jujh5u0f,h0el9us1,choku,50,11950,10371,9922,2.01,0.44,420,430,1,stunning,intimidation,true,45,0,45,50,0,50,9,0,9,51,0,51,60,0,60,33,0,33,-31,0,-31,15,0,15
k0vd4q9r,itt0u5pd,razor_cat,33,9994,9707,9473,2.2,0.41,90,110,0,knockdown,dizzy,true,55,0,55,56,0,56,27,0,27,19,0,19,-1,0,-1,-66,0,-66,-14,0,-14,-1,0,-1
k13qioa,qnsv0ic4,razor_cat,12,3693,3837,3137,2.31,0.29,45,50,0,"","",true,4,0,4,-45,0,-45,0,4,4,-50,0,-50,-50,0,-50,-50,0,-50,-57,0,-57,-40,0,-40
k1i4af1g,2oi89fdg,razor_cat,15,6278,3657,2760,1.98,0.24,80,90,0,crippling,intimidation,false,28,0,28,5,0,5,0,9,9,-99,0,-99,-68,0,-68,-68,0,-68,-5,0,-5,-99,0,-99
k3rlm0f6,60ehh0vc,bantha,10,9850,5093,3011,1.98,0.22,120,130,0,crippling,"",false,59,0,59,-62,0,-62,0,44,44,-34,0,-34,-23,0,-23,-89,0,-89,-1,0,-1,-99,0,-99
k7vv3lnr,9em50l3v,bearded_jax,2,175,85,103,2.17,0.21,30,40,0,"","",false,0,0,0,0,0,0,6,0,6,0,0,0,0,0,0,0,0,0,0,0,0,-99,0,-99
kamlcv4f,ghasav8h,gnort,15,6781,3496,2939,1.98,0.24,80,90,0,crippling,intimidation,false,28,0,28,5,0,5,0,9,9,-99,0,-99,-68,0,-68,-68,0,-68,-5,0,-5,-99,0,-99
kb5blbfc,c73rs4jc,razor_cat,15,3334,1342,1665,2.16,0.23,90,110,0,crippling,intimidation,false,30,0,30,0,4,4,40,0,40,40,0,40,40,0,40,-64,0,-64,-64,0,-64,-99,0,-99
kdu96ns0,dhprfn03,cu_pa,18,5004,4519,4124,2.24,0.31,45,50,0,dizzy,intimidation,false,25,0,25,25,0,25,-3,0,-3,0,15,15,-58,0,-58,-61,0,-61,0,15,15,-82,0,-82
ke5nbvgo,s8f67vgd,dewback,15,6709,3245,2957,1.99,0.24,80,90,0,"",intimidation,false,28,0,28,5,0,5,0,9,9,-99,0,-99,-70,0,-70,-70,0,-70,-6,0,-6,-99,0,-99
kejdi287,ntaak2gr,ikopi,15,6350,3568,2760,1.99,0.24,80,90,0,"","",false,28,0,28,5,0,5,0,9,9,-99,0,-99,-34,0,-34,-34,0,-34,-55,0,-55,-99,0,-99
kg4m924j,n7thn2of,kahmurra,16,2688,3011,2850,2.16,0.31,70,75,0,"",intimidation,false,0,6,6,0,6,6,0,6,6,0,6,6,0,6,6,0,6,6,0,6,6,-99,0,-99
kh258po1,e9uh9pkf,bantha,18,4070,3837,2742,2.17,0.28,120,130,0,crippling,"",false,16,0,16,26,0,26,0,12,12,0,12,12,0,12,12,-64,0,-64,0,12,12,-64,0,-64
ki77n43e,kgo6j4jh,brackaset,13,8737,5758,3011,1.98,0.24,280,290,0,stunning,intimidation,true,60,0,60,-28,0,-28,-61,0,-61,-60,0,-60,-59,0,-59,-96,0,-96,-60,0,-60,-99,0,-99
kjvtv7d7,jakjt7h2,choku,34,9958,8073,8271,1.98,0.36,310,320,1,dizzy,"",false,46,0,46,40,0,40,33,0,33,21,0,21,21,0,21,-99,0,-99,-7,0,-7,-7,0,-7
kkngvita,nplnlipr,razor_cat,24,7050,6422,7589,1.99,0.38,340,350,0,"","",true,18,0,18,-17,0,-17,2,0,2,-35,0,-35,-90,0,-90,-44,0,-44,-36,0,-36,-59,0,-59
krff5ggn,hqm47g0b,narglatch,17,3891,4663,4734,2.17,0.29,260,270,0,stunning,"",false,11,0,11,-20,0,-20,-29,0,-29,-41,0,-41,-51,0,-51,-54,0,-54,-91,0,-91,-11,0,-11
kslg1d70,uhk5bdjg,gurrcat,25,8414,8791,7086,2.09,0.47,380,390,0,stunning,intimidation,true,60,0,60,-20,0,-20,-1,0,-1,-1,0,-1,-39,0,-39,-72,0,-72,-1,0,-1,-74,0,-74
ktq9rqor,rbcmnqg0,merek,42,10173,10155,10030,2.15,0.44,430,440,0,stunning,crippling,false,50,0,50,47,0,47,10,0,10,20,0,20,20,0,20,-42,0,-42,-94,0,-94,24,0,24
l5alhuan,jbrptuuv,bantha,10,3316,1055,893,2.16,0.2,120,130,0,dizzy,"",false,0,4,4,-64,0,-64,0,4,4,-64,0,-64,-64,0,-64,-64,0,-64,-64,0,-64,-59,0,-59
l5s3qkm9,hk7aokek,narglatch,24,5829,5542,4519,1.98,0.31,220,230,0,stunning,crippling,false,31,0,31,39,0,39,0,16,16,-63,0,-63,-63,0,-63,-80,0,-80,-70,0,-70,-99,0,-99
l664mb27,ltl4gbue,razor_cat,16,8648,3119,2939,1.98,0.21,90,110,0,blinding,stunning,true,35,0,35,0,30,30,-57,0,-57,0,0,0,-13,0,-13,-67,0,-67,-58,0,-58,-67,0,-67
l8hurv1i,2dnh0ud1,gnort,33,10712,8271,9007,1.98,0.36,320,330,0,blinding,blinding,true,60,0,60,45,0,45,47,0,47,5,0,5,48,0,48,-47,0,-47,19,0,19,-14,0,-14
l9glr5k8,8mve42ku,gurreck,59,11789,11035,11825,2.15,0.54,400,510,1,blinding,stunning,true,51,0,51,53,0,53,47,0,47,57,0,57,22,0,22,49,0,49,13,0,13,30,0,30
leo02u25,6ba79u2s,hermit_spider,9,732,2024,1360,2.33,0.24,30,40,0,dizzy,strong_poison,false,13,0,13,6,0,6,-30,0,-30,0,0,0,0,0,0,-44,0,-44,-12,0,-12,-99,0,-99
lgedcik9,5gfcdi4p,cu_pa,11,2904,3083,1862,2.16,0.25,120,130,0,intimidation,"",false,0,9,9,-39,0,-39,0,9,9,-39,0,-39,-39,0,-39,-39,0,-39,-39,0,-39,-54,0,-54
ljc7cpo6,dbumdpkv,bantha,13,1396,768,1647,2.35,0.25,30,40,0,crippling,"",false,14,0,14,22,0,22,0,11,11,0,11,11,0,11,11,-55,0,-55,0,11,11,-65,0,-65
ljod5jss,a2oi6jkc,kwi,54,11430,9042,9366,2.05,0.39,470,480,1,blinding,"",true,48,0,48,47,0,47,45,0,45,63,0,63,87,0,87,39,0,39,23,0,23,23,0,23
lkdmfigf,rc2afic8,gurrcat,10,9150,2688,2186,1.99,0.23,260,270,0,stunning,intimidation,false,56,0,56,-20,0,-20,-6,0,-6,-1,0,-1,-1,0,-1,-26,0,-26,-4,0,-4,-96,0,-96
ln9ecch9,ridi6chb,gnort,4,337,444,193,2.15,0.2,30,40,0,stunning,"",false,3,0,3,0,0,0,2,0,2,0,0,0,-24,0,-24,-24,0,-24,-24,0,-24,-99,0,-99
lnk4d7fn,q9mt1glj,woolamander,15,8271,4052,3298,1.99,0.26,400,410,0,stunning,intimidation,false,40,0,40,-12,0,-12,-70,0,-70,-67,0,-67,-62,0,-62,-87,0,-87,-67,0,-67,-99,0,-99
ls8l920l,23sr62cv,merek,33,8773,8181,8737,2.28,0.46,270,280,0,stunning,intimidation,false,32,0,32,35,0,35,-62,0,-62,48,0,48,48,0,48,28,0,28,-94,0,-94,-58,0,-58
ltfpfm8r,gbsi3mg2,slice_hound,10,10227,5237,3281,1.98,0.22,120,130,0,crippling,intimidation,false,59,0,59,-63,0,-63,0,43,43,-35,0,-35,-25,0,-25,-89,0,-89,-5,0,-5,-99,0,-99
lvn43jrf,8oiucjbd,bantha,8,2850,696,660,2.17,0.21,30,40,0,"",intimidation,false,0,18,18,0,0,0,0,25,25,0,25,25,0,25,25,0,0,0,0,0,0,0,0,0
m1j4mg6n,1fsabhug,narglatch,63,11430,10873,10658,2.08,0.5,560,570,1,"",dizzy,false,60,0,60,41,0,41,67,0,67,92,0,92,92,0,92,-19,0,-19,0,11,11,0,11,11
m1uu9ull,n8etbuhd,razor_cat,10,9384,5847,3155,1.97,0.22,120,130,0,crippling,"",false,59,0,59,-62,0,-62,0,44,44,-34,0,-34,-23,0,-23,-88,0,-88,-1,0,-1,-99,0,-99
m27cokks,ghm0ukck,cu_pa,9,1378,750,534,2.18,0.25,30,40,0,"","",false,4,0,4,6,0,6,0,3,3,0,3,3,0,3,3,-15,0,-15,0,3,3,-99,0,-99
m4ai12ck,u2r2d2ss,woolamander,40,11250,10245,9671,2.16,0.44,315,340,1,"",crippling,false,58,0,58,-6,0,-6,13,0,13,28,0,28,11,0,11,-16,0,-16,5,0,5,-29,0,-29
mbiiv34o,ohrer3os,merek,53,11125,9599,10048,1.98,0.48,395,500,1,"",crippling,false,47,0,47,56,0,56,27,0,27,57,0,57,22,0,22,49,0,49,11,0,11,23,0,23
mgickqvt,2vi5bqvd,razor_cat,15,6619,3460,2939,1.99,0.24,90,110,0,"",intimidation,false,28,0,28,5,0,5,0,9,9,-99,0,-99,-68,0,-68,-68,0,-68,-5,0,-5,-99,0,-99
mi9bh9qe,a88i4biu,durni,9,8755,4250,1629,1.98,0.21,250,260,0,stunning,intimidation,true,52,0,52,-54,0,-54,-31,0,-31,-11,0,-11,-9,0,-9,-70,0,-70,-29,0,-29,-99,0,-99
miec1vjg,90aj4vr2,woolamander,28,7553,6332,7948,2.16,0.38,230,240,0,"","",true,43,0,43,-22,0,-22,0,21,21,91,0,91,66,0,66,45,0,45,16,0,16,-5,0,-5
mkng0vov,6c4h1v46,gnort,15,6637,3334,2975,1.99,0.24,80,90,0,"",intimidation,false,28,0,28,5,0,5,0,9,9,-99,0,-99,-68,0,-68,-68,0,-68,-5,0,-5,-99,0,-99
mm8gn9sj,ceh4m90v,kimogila,40,10909,8127,7624,1.98,0.38,240,250,1,blinding,blinding,true,60,0,60,-15,0,-15,12,0,12,9,0,9,13,0,13,-35,0,-35,26,0,26,-31,0,-31
mmhkbp03,5o5m6fus,graul,33,10963,7660,7032,1.99,0.36,410,530,1,"",dizzy,false,60,0,60,-87,0,-87,-5,0,-5,-2,0,-2,-2,0,-2,-92,0,-92,-10,0,-10,-99,0,-99
mne1p4kq,pa4q3a50,dewback,6,911,965,1037,2.24,0.22,45,50,0,"","",false,0,0,0,0,0,0,0,0,0,0,0,0,-99,0,-99,-99,0,-99,-99,0,-99,-99,0,-99
mqlfg5kh,6qbfh5ku,razor_cat,14,3227,2329,2150,2.15,0.23,120,130,0,crippling,stunning,false,20,0,20,15,0,15,-54,0,-54,-17,0,-17,-8,0,-8,-85,0,-85,0,0,0,-99,0,-99
n2atpvqr,un7f3uet,bantha,14,9150,4411,3155,1.98,0.22,90,110,0,"",intimidation,false,49,0,49,-62,0,-62,0,40,40,33,0,33,10,0,10,-34,0,-34,32,0,32,-34,0,-34
n4fcvdo8,la8p0436,cu_pa,14,2239,1916,1378,2.24,0.22,80,90,0,"","",false,0,0,0,0,0,0,-69,0,-69,0,0,0,0,0,0,-99,0,-99,0,0,0,-59,0,-59
n7fqntn9,5ubvktrr,rancor,35,11699,8989,6799,1.99,0.31,460,470,1,stunning,dizzy,false,60,0,60,-19,0,-19,-40,0,-40,-1,0,-1,-1,0,-1,-36,0,-36,-65,0,-65,-99,0,-99
naktgalr,b3b539tk,bantha,15,6512,3729,3065,1.98,0.24,90,110,0,crippling,intimidation,false,28,0,28,5,0,5,0,9,9,-99,0,-99,-68,0,-68,-68,0,-68,-5,0,-5,-99,0,-99
nbrh64b7,ull1q3v1,gnort,45,10999,9563,9689,1.99,0.36,320,330,1,crippling,"",true,47,0,47,42,0,42,60,0,60,62,0,62,85,0,85,6,0,6,23,0,23,23,0,23
ncdnfc5g,56viqc59,kima,10,9419,5255,3155,1.98,0.22,120,130,0,crippling,dizzy,false,60,0,60,-80,0,-80,0,44,44,-19,0,-19,-14,0,-14,-94,0,-94,-2,0,-2,-99,0,-99
ne242va8,4do25va5,cu_pa,12,3011,3657,3101,2.28,0.3,30,40,0,dizzy,"",false,1,0,1,-64,0,-64,0,4,4,-65,0,-65,-65,0,-65,-65,0,-65,-67,0,-67,-29,0,-29
nf58cf2n,15m49fmu,falumpaset,14,1809,1270,1288,2.16,0.22,140,150,0,"","",false,20,0,20,0,2,2,27,0,27,27,0,27,27,0,27,-44,0,-44,-44,0,-44,-99,0,-99
nh6ol80c,1oblm8kq,razor_cat,16,5542,1701,2993,2.34,0.26,180,190,0,stunning,intimidation,true,-6,0,-6,48,0,48,-49,0,-49,-63,0,-63,20,0,20,-74,0,-74,-73,0,-73,-99,0,-99
njm5aqfv,vadk8qj2,cu_pa,15,4501,2455,1432,2.17,0.25,35,40,0,"","",false,0,22,22,0,22,22,0,12,12,0,12,12,0,0,0,0,12,12,0,0,0,0,0,0
nkjrf9re,v7abpav2,dewback,5,337,247,283,2.22,0.22,50,55,0,"","",false,0,0,0,0,0,0,0,0,0,0,0,0,-99,0,-99,-99,0,-99,-99,0,-99,-99,0,-99
nokft503,uoest50u,gnort,15,6727,3675,2850,1.98,0.24,90,110,0,crippling,"",false,28,0,28,5,0,5,0,9,9,-99,0,-99,-68,0,-68,-68,0,-68,-5,0,-5,-99,0,-99
norqrpou,8sm42pco,cu_pa,10,3622,1144,947,2.16,0.2,120,130,0,dizzy,"",false,0,14,14,-64,0,-64,0,14,14,-64,0,-64,-64,0,-64,-64,0,-64,-64,0,-64,-99,0,-99
ntplrnlg,brfdmnlr,bageraset,15,3496,3316,3747,2.32,0.32,30,40,0,dizzy,"",false,9,0,9,3,0,3,-21,0,-21,6,0,6,18,0,18,-8,0,-8,-39,0,-39,-71,0,-71
o2ugonv8,n7he2kjf,gurrcat,19,8917,1827,2186,1.98,0.21,90,110,1,stunning,intimidation,false,60,0,60,-26,0,-26,-25,0,-25,-24,0,-24,-24,0,-24,-55,0,-55,-25,0,-25,-99,0,-99
o4jedp5e,p4bats7j,bearded_jax,15,6242,3693,3119,1.99,0.24,80,90,0,"",intimidation,false,0,28,28,0,5,5,0,9,9,0,0,0,0,0,0,0,0,0,0,0,0,0,0,0
o547igbt,43bvvgrq,torton,21,10353,6476,3927,2.12,0.27,180,190,1,stunning,intimidation,true,60,0,60,-81,0,-81,-13,0,-13,-12,0,-12,-12,0,-12,-95,0,-95,-16,0,-16,-99,0,-99
o97m0aan,fv9ptltv,choku,42,10532,9958,9760,2.08,0.41,350,410,0,knockdown,crippling,true,60,0,60,60,0,60,29,0,29,20,0,20,-5,0,-5,-70,0,-70,-24,0,-24,-5,0,-5
oj843eiu,7mmro1e2,durni,4,175,139,157,1.99,0.21,35,40,0,"",crippling,false,0,0,0,0,0,0,6,0,6,0,0,0,0,0,0,0,0,0,0,0,0,-99,0,-99
ok8rmj0e,0rgbpj42,razor_cat,12,4052,3837,3729,2.16,0.27,90,110,0,dizzy,"",true,0,10,10,-44,0,-44,0,10,10,-44,0,-44,-44,0,-44,-44,0,-44,-44,0,-44,-54,0,-54
okqsilv6,v3kjslnh,gnort,14,6188,3245,3065,1.99,0.24,80,90,0,"",intimidation,false,27,0,27,0,9,9,0,9,9,-89,0,-89,-99,0,-99,-99,0,-99,-5,0,-5,-99,0,-99
olpc2voo,dld63voi,bol,10,9994,5273,3424,1.98,0.23,120,130,0,"",intimidation,false,59,0,59,-62,0,-62,0,44,44,-34,0,-34,-23,0,-23,-88,0,-88,-1,0,-1,-99,0,-99
oms0pmui,pafahqg8,dune_lizard,5,462,319,193,2.24,0.21,30,40,0,"","",false,0,0,0,0,0,0,0,0,0,0,0,0,0,0,0,0,0,0,0,0,0,0,0,0
oohg1pke,jcn6ppod,merek,36,9796,9025,9527,2.09,0.46,350,360,0,stunning,intimidation,false,21,0,21,31,0,31,-94,0,-94,58,0,58,58,0,58,58,0,58,-94,0,-94,-94,0,-94
ot1hmgoe,2i64pgct,cu_pa,25,9025,7912,6117,2.16,0.34,120,130,0,"",dizzy,false,36,0,36,35,0,35,-1,0,-1,0,21,21,-89,0,-89,-54,0,-54,0,21,21,-59,0,-59
otm3ebhq,23hm3bd9,bantha,14,8468,6081,2993,1.97,0.22,120,130,0,crippling,intimidation,false,59,0,59,-62,0,-62,0,34,34,-34,0,-34,-23,0,-23,-88,0,-88,-1,0,-1,-99,0,-99
ou4fikk8,0a6vrks9,narglatch,19,10335,7965,8145,1.99,0.31,280,290,0,crippling,medium_poison,false,46,0,46,-38,0,-38,20,0,20,8,0,8,-11,0,-11,-74,0,-74,-29,0,-29,-74,0,-74
ovq577t5,8ti527t1,ikopi,30,9545,7750,8181,1.99,0.41,370,380,0,dizzy,blinding,false,42,0,42,39,0,39,24,0,24,-1,0,-1,-1,0,-1,-99,0,-99,-26,0,-26,-26,0,-26
p48d6svk,uq73as3j,woolamander,23,11017,7481,4976,1.98,0.23,280,290,1,crippling,blinding,false,59,0,59,-55,0,-55,-9,0,-9,-13,0,-13,-13,0,-13,-91,0,-91,4,0,4,-91,0,-91
p7p0rn98,r88250fl,razor_cat,28,7930,7265,6188,2.16,0.37,210,220,0,strong_poison,blinding,true,38,0,38,26,0,26,0,20,20,38,0,38,34,0,34,-59,0,-59,34,0,34,-89,0,-89
pae3i58p,npovk50i,razor_cat,10,4986,732,1503,1.97,0.2,170,180,0,knockdown,intimidation,true,20,0,20,-1,0,-1,-34,0,-34,-1,0,-1,-1,0,-1,-34,0,-34,-1,0,-1,-74,0,-74
pbsmi3gg,03h5p346,kaadu,10,3137,1019,857,2.16,0.2,120,130,0,dizzy,"",false,0,4,4,-64,0,-64,0,4,4,-64,0,-64,-64,0,-64,-64,0,-64,-64,0,-64,-34,0,-34
pdefjush,oaj6tucv,razor_cat,49,11753,11735,11358,2.07,0.49,430,440,0,stunning,intimidation,false,47,0,47,48,0,48,5,0,5,40,0,40,45,0,45,4,0,4,-58,0,-58,14,0,14
pfirekme,luj2ckeu,narglatch,24,8342,5991,6386,1.99,0.28,170,180,0,stunning,crippling,true,40,0,40,43,0,43,0,19,19,16,0,16,16,0,16,-24,0,-24,16,0,16,-99,0,-99
plu7hqkc,pk76jpsg,durni,24,10784,9096,8199,1.99,0.3,460,470,0,"",stunning,true,45,0,45,-5,0,-5,60,0,60,32,0,32,32,0,32,-99,0,-99,-33,0,-33,-8,0,-8
pnji2m8m,emas1moq,cu_pa,16,4070,2904,1450,2.16,0.27,50,55,0,"","",false,12,0,12,12,0,12,-39,0,-39,25,0,25,25,0,25,25,0,25,-39,0,-39,-99,0,-99
pqdj5qcg,lgfb1q8h,merek,37,9976,9527,10227,2.16,0.47,290,300,0,stunning,intimidation,false,38,0,38,38,0,38,-46,0,-46,43,0,43,43,0,43,14,0,14,-94,0,-94,-40,0,-40
pro3g48i,o0p1m4ki,graul,29,10012,7409,7768,1.99,0.31,480,490,1,strong_poison,strong_disease,true,0,1,1,-24,0,-24,0,1,1,-64,0,-64,-24,0,-24,-24,0,-24,-24,0,-24,-39,0,-39
pumhbd0k,7pkhn3e1,cu_pa,13,2473,2850,1827,2.18,0.24,70,75,0,"","",false,0,0,0,0,0,0,0,0,0,0,0,0,-99,0,-99,-99,0,-99,-74,0,-74,-74,0,-74
q440hse4,o245tsek,vesp,37,10622,10119,9007,2.21,0.47,320,330,1,strong_poison,strong_disease,true,60,0,60,-80,0,-80,-9,0,-9,-11,0,-11,-9,0,-9,-91,0,-91,-9,0,-9,-92,0,-92
q4glknvv,tjvrqn7o,kima,20,965,2616,6063,1.98,0.41,200,210,0,crippling,intimidation,false,30,0,30,-1,0,-1,-33,0,-33,-27,0,-27,-33,0,-33,-45,0,-45,-32,0,-32,-87,0,-87
q6ql7jod,apmaoa74,kima,9,1055,642,606,2.16,0.21,35,40,0,"","",false,7,0,7,7,0,7,0,4,4,0,4,4,0,4,4,0,4,4,0,4,4,-99,0,-99
q86kcan3,gd30ma31,gurrcat,15,8666,4483,3281,1.98,0.26,380,390,0,stunning,intimidation,true,40,0,40,-25,0,-25,-54,0,-54,-19,0,-19,-14,0,-14,-54,0,-54,-51,0,-51,-99,0,-99
qbdcvc3c,mval7dnv,gurrcat,20,9240,8342,6924,2.05,0.36,340,350,0,stunning,"",true,60,0,60,-23,0,-23,1,0,1,-1,0,-1,-51,0,-51,-90,0,-90,-1,0,-1,-91,0,-91
qd5n95rf,d90p05bd,bantha,14,3406,4088,3819,2.17,0.32,30,40,0,stunning,knockdown,false,9,0,9,12,0,12,0,4,4,-34,0,-34,-37,0,-37,-2,0,-2,5,0,5,-99,0,-99
qe77qq72,o5q3sqjc,razor_cat,12,5991,2329,3209,1.98,0.26,150,160,0,knockdown,intimidation,true,20,0,20,-1,0,-1,-34,0,-34,-1,0,-1,-1,0,-1,-34,0,-34,-1,0,-1,-74,0,-74
qkuvjn3m,87tgk4kr,bantha,7,875,355,373,2.19,0.21,70,75,0,stunning,intimidation,false,11,0,11,0,0,0,15,0,15,15,0,15,15,0,15,0,0,0,0,0,0,-99,0,-99
qoavuv6s,f3sak7cn,razor_cat,11,2634,3173,2383,2.16,0.28,55,65,0,"","",true,0,10,10,-44,0,-44,0,10,10,-44,0,-44,-44,0,-44,-44,0,-44,-44,0,-44,-54,0,-54
qrsf5r2d,fj254r62,gurrcat,15,8019,2796,3298,2.02,0.26,400,410,0,stunning,intimidation,true,40,0,40,-12,0,-12,-70,0,-70,-67,0,-67,-62,0,-62,-87,0,-87,-67,0,-67,-99,0,-99
qtsth68b,k2g1v64d,bearded_jax,36,10873,10694,9473,1.99,0.43,300,310,0,blinding,medium_disease,false,36,0,36,36,0,36,0,49,49,-25,0,-25,0,49,49,-75,0,-75,12,0,12,-25,0,-25
qvkha45p,95lmf4p9,torton,34,8809,8863,7732,2.17,0.4,290,300,0,knockdown,dizzy,true,50,0,50,50,0,50,21,0,21,14,0,14,-4,0,-4,-81,0,-81,-46,0,-46,10,0,10
r75gdj42,qm4ifjs2,kliknik,48,10694,8396,8827,2.05,0.42,440,450,1,blinding,stunning,true,37,0,37,44,0,44,49,0,49,24,0,24,74,0,74,70,0,70,49,0,49,49,0,49
r8tfng1v,nmvmbh1e,razor_cat,12,2006,2311,1216,2.162,0.24,70,75,0,intimidation,"",false,8,0,8,-4,0,-4,-5,0,-5,0,1,1,0,0,0,-7,0,-7,-15,0,-15,-83,0,-83
ragn8ano,i9l5ea7q,cu_pa,17,9204,2527,2993,1.98,0.24,140,150,1,stunning,intimidation,false,58,0,58,-54,0,-54,-7,0,-7,-2,0,-2,-1,0,-1,-58,0,-58,-7,0,-7,-99,0,-99
rc133uda,li5vfu18,gnort,29,10802,8127,10245,1.98,0.46,290,300,0,stunning,strong_poison,true,57,0,57,-37,0,-37,18,0,18,27,0,27,36,0,36,-15,0,-15,39,0,39,-46,0,-46
rfjtgs7o,cvcihsv7,vir_vur,11,7786,3011,2150,1.99,0.22,130,140,0,"",blinding,true,0,5,5,-1,0,-1,-24,0,-24,-50,0,-50,-54,0,-54,-45,0,-45,-29,0,-29,-54,0,-54
rfov0i6m,jk0f6iaq,ikopi,15,6512,3478,2814,1.98,0.24,80,90,0,"",intimidation,false,28,0,28,5,0,5,0,9,9,-99,0,-99,-34,0,-34,-34,0,-34,-55,0,-55,-99,0,-99
rgo5lk9o,qds7fl9q,razor_cat,24,6853,6835,6637,2.16,0.28,320,330,0,"",intimidation,true,14,0,14,17,0,17,0,22,22,-27,0,-27,-23,0,-23,-4,0,-4,4,0,4,-99,0,-99
rn46bmqu,i74lbmie,dune_lizard,5,67,67,85,2.22,0.2,30,40,0,"","",false,0,0,0,0,0,0,0,0,0,0,0,0,0,0,0,0,0,0,0,0,0,-99,0,-99
rnjicch4,k4vdacpi,gnort,4,139,283,552,2.16,0.21,30,40,0,"","",false,0,0,0,0,0,0,0,0,0,0,0,0,-4,0,-4,-4,0,-4,-4,0,-4,-99,0,-99
roal54b4,ql6nv4b2,kimogila,60,12166,11358,11861,1.99,0.55,450,460,1,dizzy,strong_poison,false,31,0,31,28,0,28,13,0,13,52,0,52,62,0,62,58,0,58,16,0,16,13,0,13
rokh3joq,h5f5pgon,rancor,39,9994,8971,8683,1.98,0.4,470,480,0,strong_poison,stunning,true,27,0,27,37,0,37,1,0,1,51,0,51,1,0,1,22,0,22,49,0,49,20,0,20
rqe453he,eahf439h,huurton,10,3209,1055,875,2.16,0.2,120,130,0,dizzy,"",false,0,4,4,-29,0,-29,0,4,4,-29,0,-29,-29,0,-29,-29,0,-29,-29,0,-29,-69,0,-69
rrcgkemj,431flea5,falumpaset,13,1306,1073,1001,2.44,0.21,70,75,0,"","",false,0,1,1,20,0,20,-64,0,-64,33,0,33,33,0,33,33,0,33,-64,0,-64,-99,0,-99
rutvjkan,lc33nk2o,rancor,77,13530,12722,12345,2.02,0.62,560,570,1,"",dizzy,false,41,0,41,60,0,60,0,22,22,93,0,93,93,0,93,93,0,93,0,22,22,0,22,22
s29dv1mh,n4mr312u,durni,26,10227,6637,6978,2.16,0.27,300,310,0,dizzy,blinding,true,53,0,53,24,0,24,64,0,64,51,0,51,51,0,51,-99,0,-99,-14,0,-14,-7,0,-7
s4hrs1q2,9bnhj1u1,slice_hound,10,1127,1037,678,2.18,0.23,35,45,0,stunning,"",false,12,0,12,6,0,6,-19,0,-19,-5,0,-5,-27,0,-27,-58,0,-58,-24,0,-24,-99,0,-99
s6o6mq9l,c3j5tbl4,rancor,63,12363,9940,11950,1.98,0.5,480,490,1,"","",true,42,0,42,49,0,49,37,0,37,34,0,34,83,0,83,83,0,83,37,0,37,37,0,37
s8f58vk3,10uv9v0b,durni,3,103,85,85,1.99,0.2,50,55,0,"","",false,0,0,0,0,0,0,0,0,0,0,0,0,0,0,0,0,0,0,0,0,0,-99,0,-99
s98hmhqa,2m4c9mat,gurrcat,12,8701,3101,3568,1.99,0.26,260,270,0,stunning,intimidation,true,40,0,40,-1,0,-1,-34,0,-34,-1,0,-1,-1,0,-1,-59,0,-59,-74,0,-74,-99,0,-99
s9dip3si,1v48428m,kimogila,41,11538,10137,9455,1.98,0.48,280,290,1,stunning,intimidation,false,60,0,60,-83,0,-83,-10,0,-10,0,3,3,-4,0,-4,-83,0,-83,-1,0,-1,-92,0,-92
scvq1nb2,fe0tknvt,gurrcat,9,8217,3622,1880,2.0,0.21,180,190,0,stunning,intimidation,false,60,0,60,-58,0,-58,-1,0,-1,-1,0,-1,-5,0,-5,-66,0,-66,-1,0,-1,-96,0,-96
sdd7c11h,hc9su2t3,cu_pa,13,2832,2922,3263,2.17,0.25,90,110,0,"","",false,0,2,2,0,2,2,0,2,2,0,2,2,0,2,2,0,2,2,0,2,2,-99,0,-99
sea34pj0,nok9cig4,cu_pa,11,3298,2491,1665,2.19,0.24,80,90,0,intimidation,"",false,2,0,2,-46,0,-46,0,3,3,-49,0,-49,-49,0,-49,-49,0,-49,-49,0,-49,-48,0,-48
sh8r654v,o51huq74,dewback,10,9778,5004,3245,1.98,0.22,120,130,0,"",intimidation,false,59,0,59,-62,0,-62,0,44,44,-34,0,-34,-23,0,-23,-88,0,-88,-1,0,-1,-99,0,-99
shi2ri9k,g86rpi5e,gurreck,36,10066,9725,8414,2.33,0.42,120,130,0,stunning,crippling,false,50,0,50,60,0,60,0,27,27,0,27,27,0,27,27,0,27,27,0,27,27,0,27,27
si8ponkb,0991vn8b,cu_pa,14,3478,3586,2742,2.37,0.29,30,40,0,dizzy,intimidation,false,14,0,14,14,0,14,-1,0,-1,0,9,9,-34,0,-34,-36,0,-36,0,9,9,-88,0,-88
sivif2sr,geibn24d,falumpaset,15,8827,5829,4214,1.99,0.31,270,280,0,stunning,intimidation,false,40,0,40,-26,0,-26,-55,0,-55,-20,0,-20,-15,0,-15,-55,0,-55,-52,0,-52,-99,0,-99
slrj4sis,akuv7ic5,razor_cat,14,3496,3945,3622,2.32,0.31,80,90,0,"","",true,8,0,8,-11,0,-11,0,9,9,-19,0,-19,-19,0,-19,-19,0,-19,-33,0,-33,-65,0,-65
sr9rl8u2,lv48d92k,razor_cat,18,2545,2563,2365,2.17,0.3,90,110,0,"",knockdown,false,22,0,22,27,0,27,0,2,2,2,0,2,-7,0,-7,-32,0,-32,-7,0,-7,-99,0,-99
sv8d5vte,jl7i1v9p,narglatch,44,10496,9976,9635,2.05,0.46,280,290,1,stunning,dizzy,true,45,0,45,11,0,11,11,0,11,17,0,17,51,0,51,-14,0,-14,52,0,52,-10,0,-10
t098kb95,tlm8eata,bantha,11,9796,5291,3388,1.96,0.23,120,130,0,"",intimidation,false,58,0,58,-62,0,-62,0,43,43,-34,0,-34,-23,0,-23,-88,0,-88,-1,0,-1,-99,0,-99
t9m9fvql,67huiva6,gnort,15,6153,3029,2922,1.99,0.24,80,90,0,"",intimidation,false,28,0,28,5,0,5,0,9,9,-99,0,-99,-68,0,-68,-99,0,-99,-5,0,-5,-99,0,-99
tbu9ibtu,s9rbmbds,razor_cat,10,9114,5704,3155,1.98,0.22,120,130,0,crippling,dizzy,false,59,0,59,-62,0,-62,0,43,43,-34,0,-34,-23,0,-23,-88,0,-88,-1,0,-1,-99,0,-99
tfm11sh9,j5bs5s5n,mott,24,7499,4663,4717,2.05,0.32,250,260,0,stunning,intimidation,false,37,0,37,44,0,44,-24,0,-24,-29,0,-29,-34,0,-34,-34,0,-34,-29,0,-29,-34,0,-34
thcca9ff,jt4h2ejq,dewback,13,2329,1629,2132,2.16,0.25,120,130,0,"","",false,8,0,8,14,0,14,0,9,9,-39,0,-39,-39,0,-39,-42,0,-42,-38,0,-38,-34,0,-34
tqmnepsb,9qaufpsl,bantha,14,3011,3191,2042,2.16,0.26,80,90,0,stunning,"",true,10,0,10,16,0,16,0,9,9,0,9,9,0,9,9,-37,0,-37,0,9,9,-99,0,-99
tudi4fnf,gr5auh7c,torton,20,8504,6691,5309,2.31,0.34,200,210,0,stunning,intimidation,true,50,0,50,-56,0,-56,-25,0,-25,-22,0,-22,-22,0,-22,-84,0,-84,-35,0,-35,-99,0,-99
u0ktsk45,nvee2kco,cu_pa,13,3352,2221,1073,2.17,0.25,30,40,0,"","",false,10,0,10,16,0,16,0,6,6,0,6,6,0,6,6,-39,0,-39,0,6,6,-99,0,-99
u1ha58s7,oo66780c,gurrcat,16,6153,2957,2706,1.98,0.25,120,130,0,knockdown,intimidation,true,-25,0,-25,46,0,46,-40,0,-40,-90,0,-90,37,0,37,-75,0,-75,-62,0,-62,-99,0,-99
u26q6fmm,p04k2fmn,falumpaset,11,1521,1073,1198,2.16,0.22,70,75,0,stunning,"",false,0,3,3,0,3,3,0,3,3,36,0,36,0,3,3,0,3,3,-44,0,-44,-99,0,-99
u5k7rn9m,kc9jpnto,bageraset,11,1593,1324,1288,2.16,0.27,30,40,0,"",intimidation,false,0,3,3,4,0,4,-44,0,-44,0,3,3,-44,0,-44,-44,0,-44,0,3,3,-99,0,-99
ud38hopq,4betso9v,kwi,49,11914,11538,11161,1.98,0.44,340,350,1,"",dizzy,false,55,0,55,-15,0,-15,6,0,6,36,0,36,37,0,37,-5,0,-5,10,0,10,-43,0,-43
un8s33gs,0mf1030f,slice_hound,16,9707,6045,5883,1.98,0.29,300,310,0,knockdown,strong_poison,false,38,0,38,-20,0,-20,0,45,45,45,0,45,-4,0,-4,-4,0,-4,-21,0,-21,-44,0,-44
updi8ai2,60t3bauq,razor_cat,14,7786,2850,2706,1.98,0.21,50,55,0,blinding,intimidation,false,33,0,33,0,25,25,-38,0,-38,-31,0,-31,-37,0,-37,-76,0,-76,-43,0,-43,-76,0,-76
utbsmn32,bs0mlnj7,dewback,13,8271,2527,2024,1.99,0.26,320,330,0,stunning,intimidation,false,40,0,40,-6,0,-6,-69,0,-69,-10,0,-10,-5,0,-5,-30,0,-30,-66,0,-66,-99,0,-99
uud0c3vt,a2n853jg,cu_pa,10,9850,5345,3245,1.98,0.22,120,130,0,"",dizzy,false,59,0,59,-62,0,-62,0,43,43,-34,0,-34,-23,0,-23,-88,0,-88,-1,0,-1,-99,0,-99
uuqo2dcg,22v0bdgi,dewback,10,9940,6170,3209,1.98,0.22,120,130,0,"","",false,59,0,59,-12,0,-12,0,44,44,-30,0,-30,-10,0,-10,-79,0,-79,-26,0,-26,-69,0,-69
uurkogaj,jsgesgqm,kima,65,11717,10766,9886,2.01,0.47,580,590,1,"",dizzy,false,52,0,52,50,0,50,35,0,35,95,0,95,95,0,95,20,0,20,0,18,18,0,18,18
v22scdcg,ggi3od08,fambaa,30,6691,3442,2886,1.98,0.24,90,110,0,crippling,intimidation,false,0,28,28,5,0,5,0,9,9,-99,0,-99,-70,0,-70,-70,0,-70,-6,0,-6,-99,0,-99
v298fsve,gp6n9s3p,kimogila,40,11125,9778,7894,1.99,0.41,430,440,1,stunning,intimidation,false,60,0,60,-53,0,-53,-25,0,-25,6,0,6,0,15,15,-50,0,-50,-20,0,-20,-99,0,-99
v427jm7p,7isnumfm,bantha,14,2365,2778,1432,1.98,0.29,70,75,0,"",intimidation,false,26,0,26,-35,0,-35,12,0,12,-64,0,-64,-12,0,-12,-12,0,-12,-64,0,-64,-94,0,-94
vdbfc4kr,b4q7f40j,graul,46,10748,9150,8755,1.99,0.39,490,500,1,stunning,"",true,60,0,60,29,0,29,85,0,85,78,0,78,74,0,74,-99,0,-99,-24,0,-24,-39,0,-39
vh90b5ck,bmd9k586,bearded_jax,52,11681,10478,10353,1.99,0.43,365,440,1,stunning,crippling,true,47,0,47,56,0,56,27,0,27,57,0,57,22,0,22,49,0,49,11,0,11,23,0,23
vhpu9j0s,j5u7hikf,cu_pa,13,3065,1611,2042,2.32,0.26,120,130,0,dizzy,mild_poison,false,29,0,29,-4,0,-4,0,5,5,-7,0,-7,-7,0,-7,-64,0,-64,-64,0,-64,-99,0,-99
viiv1vje,h9637vv4,woolamander,24,7750,8432,5327,2.16,0.28,230,240,0,knockdown,"",false,43,0,43,-10,0,-10,0,21,21,91,0,91,66,0,66,45,0,45,16,0,16,-5,0,-5
vlglkoqg,k3s28gkk,razor_cat,11,2922,3155,2365,2.16,0.28,55,65,0,dizzy,"",true,0,10,10,-44,0,-44,0,10,10,-44,0,-44,-44,0,-44,-44,0,-44,-44,0,-44,-54,0,-54
vpdg43qo,bnmdof1t,bantha,5,409,480,462,2.21,0.22,40,45,0,"",crippling,true,15,0,15,0,0,0,0,0,0,0,0,0,0,0,0,0,0,0,0,0,0,-99,0,-99
vpubvp98,tnsf3p90,kima,49,10155,9725,8109,2.16,0.43,395,500,1,blinding,stunning,false,50,0,50,50,0,50,100,0,100,50,0,50,-99,0,-99,20,0,20,20,0,20,100,0,100
vt3f50sc,clc8408r,kliknik,43,11143,11394,11699,2.16,0.47,250,260,0,stunning,crippling,false,46,0,46,52,0,52,12,0,12,39,0,39,39,0,39,-5,0,-5,-54,0,-54,22,0,22
vv94u6te,dni0f7d3,kimogila,43,10586,8773,9850,2.16,0.4,330,370,1,stunning,intimidation,true,47,0,47,49,0,49,39,0,39,34,0,34,34,0,34,30,0,30,19,0,19,27,0,27
