id,serial,quality,hardiness,fortitude,dexterity,endurance,intellect,cleverness,dependability,courage,fierceness,power,armor,kinetic,energy,blast,heat,cold,electricity,acid,stun,sa1,sa2,ranged,used
4dd17faf-e145-45b3-9ac1-63cb0d965197,266f04mq,high,611,442,352,317,105,50,763,519,27,137,0,58,-64,-2,-35,-34,-99,40,Crippling/Intimidation/Ranged,crippling,intimidation,true,00pas7q5
f95fd42c-d809-46c8-94d8-1de505242732,qoodetmk,high,370,93,202,338,122,71,788,511,73,95,0,28,5,5,-99,-68,-68,-5,Crippling/--/--,crippling,"",false,019pdtas
8760e7f4-84b6-4e3d-be27-34d294775d9a,7pc5dm95,high,575,406,395,341,338,191,417,212,142,447,0,24,16,5,4,3,4,6,Dizzy/Strong poison/Ranged,dizzy,strong_poison,true,01oatm1v
e0190ddf-12ec-469d-819b-630da31961a0,ar63gbss,high,459,242,382,455,111,98,717,515,248,319,0,-16,47,-65,-31,52,-31,-92,Stunning/Intimidation/Ranged,stunning,intimidation,true,04anubgq
a7e3693f-6dfe-49c3-9f53-321331f0aba6,ntktb3hj,above_average,349,153,167,317,46,65,517,418,1,269,0,21,31,-4,-29,-90,-10,8,Stunning/--/--,stunning,"",false,06tjc3dn
7764d6a4-868a-43a3-92a0-9fc0b7204a0b,7cm51u3m,above_average,649,473,554,493,319,285,616,333,290,391,0,59,-55,-30,6,10,-55,-28,Stunning/Intimidation/Ranged,stunning,intimidation,true,07hb7unl
b9211d23-951f-4480-b1a8-e671c0b58283,t8gm7n59,low,594,526,213,184,298,110,683,194,25,181,1,18,12,"",8,8,-42,-8,Strong poison/Strong disease/Ranged,strong_poison,strong_disease,true,08scmn1f
492b0ee6-f4af-41e6-bc0c-29c3e45a6358,ah3rpail,high,583,438,345,303,90,38,543,522,25,119,0,59,-62,40,-34,-23,-88,-1,--/Intimidation/--,"",intimidation,false,094fpaem
c4b8b70a-d366-42ea-8ae0-11e68e746f08,tdiiqnau,above_average,83,14,84,312,103,58,956,340,25,43,0,13,15,0,-82,-82,-14,54,Stunning/Crippling/--,stunning,crippling,false,0el9tnqd
f96e5fcc-96e2-421c-b9dd-5fbf115e431e,slsk0pou,average,92,18,61,167,115,118,715,116,34,21,0,17,9,0,20,-39,-53,-39,--/--/--,"","",false,0enc7p4r
4abb6037-2a4c-451d-9dc4-cf44abfd15dc,7t6nuj36,above_average,581,455,344,298,100,47,742,365,23,151,0,60,-64,45,-34,-23,-88,-1,--/Dizzy/--,"",dizzy,false,0etpojrb
38230b93-c2fb-48ee-8433-ba0407588dfb,0vct7vc2,above_average,619,503,612,437,631,1,713,476,26,332,1,57,-77,0,"","",-69,"",Dizzy/Mild poison/Ranged,dizzy,mild_poison,true,0f5spo4n
d060506d-a44b-42ce-a77e-113e49c6ba1f,st8mfbgg,high,627,472,607,509,622,468,491,481,339,403,0,35,60,45,90,90,90,45,Knockdown/--/--,knockdown,"",false,0iafqb8b
5db0d2b1-3631-4a11-a92d-e709db6ccd75,qk0b25um,high,633,514,541,421,496,254,723,516,295,559,1,37,37,27,15,67,67,27,Stunning/Intimidation/Ranged,stunning,intimidation,true,0ifvf46h
9a4cdb83-b8c3-4d28-80e0-76bda2f60a8d,lui6bds6,high,637,461,531,489,511,362,619,507,208,341,0,47,32,-12,50,50,-99,-5,Dizzy/Mild poison/Ranged,dizzy,mild_poison,true,0lddsdcp
e66df112-c439-4487-ae38-ac6d4f21a0f5,top6b9cr,above_average,33,8,34,331,16,39,799,505,24,57,0,2,2,0,0,3,0,0,--/Intimidation/--,"",intimidation,false,0pct89s1
18a31052-4b70-483a-b38f-daff9e3ee870,01071ce5,high,25,5,13,331,5,7,730,339,41,16,0,6,0,4,0,-39,-39,-39,Stunning/--/--,stunning,"",false,0vd5dclr
ce7a3e4e-abac-454d-a744-7de6d9cf0c21,6e2lqi1g,high,391,84,417,335,398,184,580,336,178,407,0,20,-19,-21,"",-5,-24,-44,Intimidation/Dizzy/Ranged,intimidation,dizzy,true,10pq6ihd
ca83d289-dd4f-44ef-9dcd-84a40e95717f,rau49ui1,high,381,93,132,335,128,69,784,511,74,96,0,28,5,5,-99,-68,-99,-5,--/Intimidation/--,"",intimidation,false,15bh6u6r
efabb9a9-5bcf-4990-9213-7ddc15e078e5,s53glk68,high,624,516,625,513,585,468,478,478,432,486,1,33,50,-59,78,78,78,-59,Knockdown/Intimidation/--,stunning,intimidation,false,1f7bgk2q
36191fad-8305-4dc1-99dd-64350644466b,idmmbc11,high,512,390,204,155,136,103,644,312,99,225,0,37,36,29,-2,52,49,22,Blinding/Stunning/Ranged,blinding,stunning,true,1f8gec1e
e9f34c5b-0624-4716-9136-ed255acb96b6,ktvcu4hc,above_average,557,321,532,453,533,323,595,471,53,256,0,55,56,27,19,-1,-66,-14,Knockdown/Dizzy/Ranged,knockdown,dizzy,true,1fk6r499
d940ee34-4b9a-45b7-befd-5bb243d41334,saqec934,above_average,552,394,517,481,295,233,735,503,238,436,0,14,9,-29,29,22,23,-33,Dizzy/Stunning/--,dizzy,stunning,false,1gnl98ni
292f1b2c-4468-4c62-83ce-7c90b693a9f9,u6ctganm,high,568,444,330,303,99,46,761,523,25,136,0,59,-26,40,-69,-34,-64,-38,Crippling/Intimidation/--,crippling,intimidation,false,1jq3rnnq
d5097745-a448-4eb3-8a01-40deecb8c1a5,5gj0fnlq,above_average,557,439,311,281,401,193,503,120,103,292,0,20,1,8,6,5,6,9,Dizzy/Strong poison/Ranged,dizzy,strong_poison,true,1lc95n55
c53bdf4a-7df8-480e-8860-6f3f42da7f0b,36gdjoig,high,211,42,207,418,64,53,692,333,26,129,0,0,-64,0,-64,-64,-64,-64,Dizzy/--/--,dizzy,"",false,1na8hoqd
19a1eab3-594d-4495-ae08-129b1e6d0086,cts10b51,above_average,560,445,339,311,99,45,760,524,26,136,0,59,-59,-14,-21,-5,-75,-3,Dizzy/--/--,dizzy,"",false,1unq6blk
adb4308a-ff0d-45a0-9af1-291919bff236,7n85hv2t,above_average,73,16,47,330,53,26,682,334,23,37,0,11,9,-44,0,0,-44,0,--/Strong poison/--,"",strong_poison,false,21eedu6e
e1a98e11-92e3-4e67-978e-016c18aace7b,cr940ikd,high,552,414,340,292,88,28,760,524,26,237,0,60,-70,-19,-2,-1,-76,-18,Stunning/Intimidation/--,stunning,intimidation,false,24soei87
f2f39683-7c9c-43ec-9600-c073cb4c5f5b,bij40lld,high,326,226,283,336,324,136,640,429,236,408,0,21,17,17,20,"",-99,-29,Stunning/Medium poison/Ranged,stunning,medium_poison,true,259neltg
622c5bae-7820-4f8c-9d13-02d3705bce45,fcfdd9r6,average,189,42,194,251,162,54,566,255,9,82,0,0,0,0,0,-99,0,-99,--/Stunning/--,"","",false,26v5a9oh
816444b5-c65a-49b0-ba7c-32ce5ce4e5fd,5rnr3aci,high,371,95,219,336,110,68,788,511,74,97,0,28,5,5,-99,-69,-69,-55,Crippling/--/--,crippling,"",false,2akr1dhq
cfbb9873-43b1-493a-a557-492ec7ee5c4c,7lm5lsrq,low,389,219,266,336,74,64,757,708,37,95,0,1,1,20,20,20,20,20,--/Stunning/--,"",stunning,false,2elfjs7r
e187939e-f6d5-49ff-9cfe-c0005a79d9b2,97pdf4f6,above_average,646,583,498,392,565,428,479,413,268,525,1,38,51,27,72,90,71,17,Crippling/--/Ranged,crippling,"",true,2ikrl4j0
d9bed9a2-7616-4e39-9db3-2aedc0a338d9,nm37iiur,high,590,440,389,308,95,48,762,524,26,129,0,59,-62,40,-34,-11,-76,-19,--/Intimidation/--,"",intimidation,false,2jp5lhn6
1cc1e20a-ab19-4f65-9447-c0201913d4aa,svppin03,average,214,83,229,325,171,158,676,151,23,1,0,7,7,"",1,-13,-24,-2,Dizzy/Intimidation/--,dizzy,intimidation,false,2jr5bm82
25ff15b9-eb04-41f5-a3be-2dd369b84e0e,cb0naj3k,average,41,8,191,351,12,28,478,297,40,20,0,6,10,0,0,0,-24,0,--/--/--,"","",false,3058sjj6
2835a1ef-4ec9-4c8c-bcb0-4a14e09f7a18,hkfo9gda,above_average,255,219,80,332,188,182,267,337,122,134,0,20,13,-39,20,20,20,-39,--/--/Ranged,"","",true,30ctgn9q
62574aae-09b7-4abd-941f-ad144a33825b,b54lf44p,high,546,422,313,286,78,40,766,376,26,155,0,56,-59,-18,-5,-2,-94,"",Crippling/Stunning/--,crippling,stunning,false,3524f44a
e8706482-4353-4d3f-869d-e4bc29a3e305,nn314aml,high,386,95,221,337,113,67,783,510,72,96,0,28,5,5,-99,-68,-68,-5,Crippling/Intimidation/--,crippling,intimidation,false,38u9raer
e4832c4a-87dc-4cec-9e40-3e49a2f38623,b0jlk4j8,high,625,526,532,487,483,248,759,512,101,415,1,45,5,52,25,65,52,65,--/--/Ranged,"","",true,3a15g4n1
22365fcd-58d4-4998-96d1-b281df6111d9,4lnqtu83,high,617,501,413,452,455,252,759,522,103,331,1,46,40,25,13,25,72,72,Blinding/Stunning/Ranged,blinding,stunning,true,3f0lpuko
6fca71db-0e5a-42d4-810d-458017d1cadd,95qinnva,above_average,324,457,127,274,75,79,755,507,97,219,0,51,-5,-8,-3,-8,-21,-8,Crippling/Intimidation/--,crippling,intimidation,false,3m16hn77
ebcabe30-be41-4611-888b-120535d02ff6,cee3sndr,above_average,77,33,59,448,60,77,479,329,48,22,0,0,4,-44,0,-44,-44,0,--/--/Ranged,"","",true,3pns2nh7
7de66049-53c3-4a1a-9502-d6a455018053,ulluf4vr,high,752,726,672,346,702,690,625,508,380,632,1,40,50,3,86,86,87,4,--/Strong poison/--,"",strong_poison,false,3pu4m57u
e7b092bf-3000-4d55-84ca-45269399d8de,cgr187h5,high,501,370,351,327,103,96,692,345,26,317,0,60,-65,-25,-7,-6,-78,-24,Stunning/Intimidation/Ranged,stunning,intimidation,true,3puua75n
1eb914b2-0be2-47b0-bbf7-e036030c867a,3p276vn6,above_average,588,398,366,331,292,130,600,337,169,276,0,43,-1,35,91,66,45,16,Knockdown/Stunning/Ranged,knockdown,stunning,true,3qs70vn9
36178ed6-38b1-4420-81a4-2be62a148d2c,t4u74f1f,high,729,576,554,334,562,406,718,511,291,605,1,60,-61,"",15,10,-54,"",--/--/Ranged,"","",true,3tgq7fdo
09b31894-6ae5-445a-bf9f-f92a71a930a4,9u1kegg0,high,156,75,189,313,217,82,800,219,123,157,0,9,-9,-18,-36,-43,-45,-69,Stunning/Crippling/Ranged,stunning,crippling,true,3v31cggh
749f7e20-0790-4a76-a94c-317efd1bffbc,ge57ef2,above_average,103,26,69,333,65,36,487,329,100,53,0,20,0,27,27,27,-44,-44,--/Intimidation/--,"",intimidation,false,40bfjea0
e09a2d8e-5618-435b-ac9d-4e5327df695a,on6p5eak,above_average,3,2,1,332,1,23,658,427,24,13,0,0,0,0,0,0,0,0,--/--/--,"","",false,4231uemm
71a01b1c-c9da-4d76-9324-ed6cdb4f4893,7q12vlbb,above_average,374,94,204,335,112,69,782,506,130,97,0,29,5,2,-68,-99,-99,-5,Crippling/Intimidation/--,crippling,intimidation,false,43t5tl7l
e4468ece-d8e2-41e7-8cfa-c646a8960095,bp00kbsf,high,440,182,356,444,111,94,739,446,115,243,0,-4,49,-25,-55,37,-95,-92,Stunning/Intimidation/Ranged,stunning,intimidation,true,44puub03
6a067352-2ea3-49d4-b179-f4f67a5cf348,a3a4gmnl,above_average,620,526,314,320,57,38,758,509,24,323,1,60,-30,-20,-9,-1,-32,-16,Stunning/Intimidation/Ranged,stunning,intimidation,true,45nosm7r
c0a096d8-fc47-42c0-8876-bf52b54688e6,4m0va84v,high,390,176,133,336,98,92,761,514,101,322,0,-1,47,-30,-60,12,-95,-92,Stunning/Intimidation/Ranged,stunning,intimidation,true,481um8sf
25ace62f-0eca-44be-a223-d6f35502a605,om7p7506,high,498,301,224,338,286,108,762,512,104,274,0,28,28,-23,-36,-36,-75,12,Crippling/Blinding/--,crippling,blinding,false,4841q4g7
a25debd4-83b4-4d70-8700-2059db4d63bb,m4d12p06,above_average,62,99,61,208,135,140,518,189,42,1,0,10,17,5,5,5,-41,5,Dizzy/--/Ranged,dizzy,"",true,4d651pk3
51b2f17a-f74a-42a6-bc28-e21dcae67f93,hqnhfu91,high,398,95,194,338,97,66,762,513,111,96,0,28,6,1,-99,-63,-63,-5,--/Dizzy/Ranged,"",dizzy,true,4klq2udg
9b550ae1-0a34-408b-8619-2b25d78c36a4,8mtqod1d,high,526,404,265,379,115,103,714,511,287,479,0,40,-26,-55,-20,-15,-55,-52,--/Medium disease/--,"",medium_disease,false,4ld7epf0
35bb0781-6089-4bd5-b76e-4c2d1c2ac7f1,thcgpn3f,above_average,32,7,8,283,5,14,543,281,97,53,0,11,0,15,15,15,"","",--/Intimidation/--,"",intimidation,false,4lg3gn3h
9f9a0a9d-0985-4e50-9b45-fd4d4f2107eb,g3ferjj3,average,67,10,21,197,67,12,610,241,23,10,0,9,2,10,10,10,-7,"",--/Intimidation/Ranged,"",intimidation,true,4ls6mjba
76455a5e-3239-4fff-8530-2f9b2eabcf97,ruoe575k,very_high,614,536,429,246,227,156,734,305,104,371,1,60,-71,-21,-10,-9,-85,-20,Stunning/Intimidation/Ranged,stunning,intimidation,true,4nng67hj
163c3123-e8ac-41b8-a334-0bac465069cb,sffvsf62,high,88,36,58,339,65,37,628,507,66,65,0,0,0,0,36,0,0,-44,Stunning/--/--,stunning,"",false,4qpe7fap
48c945b3-b266-477c-a62c-cb939031fa86,bgemqbm1,above_average,613,547,453,332,255,187,761,510,25,405,1,51,37,-61,68,-7,11,71,--/Strong poison/Ranged,"",strong_poison,true,4rc8sbi0
0245822e-6187-468d-b481-1c91b0779033,ul7f7uet,high,571,439,409,303,101,47,544,520,27,129,0,59,-62,40,-34,-23,-95,-1,Crippling/Intimidation/--,crippling,intimidation,false,4rpqqv62
813a2506-d303-4cbb-8b47-651b7e72799b,nh84pthv,high,624,530,490,339,224,134,822,513,40,359,1,50,36,-65,65,-3,3,70,Stunning/Strong poison/--,stunning,strong_poison,false,4rt3st55
f052e408-98b8-4758-ab6d-431497b732d1,8aeh0077,high,533,145,311,404,1,15,762,516,101,260,0,51,-53,-28,-10,-8,-68,-26,--/Medium disease/--,"",medium_disease,false,4sr8c0vt
a54d3476-2f3b-40a9-af32-2cddcf6ac942,33kvghtr,above_average,164,103,165,193,128,131,614,1,1,291,0,19,15,10,"",-5,-72,-21,Stunning/Intimidation/Ranged,stunning,intimidation,false,4uphqh1t
a6c12ed7-1d73-46f3-8607-c6eaf017e9a0,dtvojdku,high,386,95,203,338,114,69,790,509,75,96,0,28,5,0,-99,-70,-70,-6,Crippling/Intimidation/--,crippling,intimidation,false,5198bdsl
658c68f5-54f6-4179-8737-51a88a20a164,g5tvkl04,above_average,630,516,423,330,361,196,538,503,242,474,1,26,26,42,4,-6,0,25,Stunning/Medium poison/--,stunning,mild_poison,false,552l5ksb
7cef51c8-1101-46a6-a9de-b10e1fb0c87f,t4e4c36s,above_average,152,26,109,308,77,59,679,305,28,75,0,0,14,0,23,-99,-99,-59,Blinding/Stunning/--,"","",false,5539sdou
7ddf593a-0104-4d99-b354-b7fab71ccf0b,q5m55006,above_average,498,250,527,506,508,298,841,434,29,217,0,25,23,25,23,50,-99,-99,Stunning/--/--,stunning,"",false,56rr20g0
17cadf43-1037-4934-a4ed-95f7a801cfd7,g012j4jt,above_average,126,90,156,354,45,39,697,334,24,30,0,5,-64,5,-64,-64,-64,-64,--/--/--,"","",false,5aq9m470
b1616e94-d7c8-41f5-ac90-8673e39796fb,1pkvvf9a,high,679,505,457,329,487,332,581,430,307,546,1,52,-33,-21,16,-14,-32,-24,Stunning/Intimidation/Ranged,stunning,intimidation,true,5b4mrf1i
d4254ebb-7e62-4eef-95b2-fd8a74bb188e,9gliqj4q,high,38,16,64,296,90,85,693,289,26,40,0,13,13,0,0,0,0,0,--/--/--,"","",false,5cubijof
84464da2-1c98-4c76-a095-b17aa8b4a100,b8mhk57a,high,662,609,566,389,625,533,687,515,418,622,1,40,50,15,70,85,85,15,--/Dizzy/Ranged,"",dizzy,true,5cvds5ne
dff31861-6a1c-4dd7-8192-4e8a8c9bfe69,121tivgq,high,393,95,145,331,113,67,786,509,75,95,0,28,5,0,-99,-70,-70,-6,--/Intimidation/--,"",intimidation,false,5l3lcvsr
98fc8c1f-0bac-41fc-94f0-64f2b1ed9e7d,tjca3o89,high,573,510,570,508,521,336,619,504,186,299,0,50,51,75,42,-65,-4,6,Knockdown/Dizzy/Ranged,knockdown,dizzy,true,5lnqeoo4
c961585d-877d-4f3b-9375-0080d31a8e66,407q5bd2,high,557,436,386,297,101,47,760,522,26,137,0,59,-62,40,-34,-23,-88,-1,Crippling/Intimidation/--,crippling,intimidation,false,5pvp7b1u
90ec8cad-17fd-4b9b-a2c0-b636a9efbb14,t5p7kgfv,high,154,72,123,343,140,137,694,336,26,64,0,5,-29,5,-29,-29,-29,-29,Dizzy/--/Ranged,dizzy,"",true,602gfn33
658af18a-cf6c-41f7-8740-ff1ad4b4a85b,k82getu9,very_high,384,101,186,344,122,70,791,517,76,98,0,28,5,5,-99,-68,-68,-5,--/Intimidation/--,"",intimidation,false,611kdta8
642284df-db51-4843-ab88-12ca2d19f9d9,r1jdtuhb,above_average,507,416,473,474,134,85,680,509,41,342,0,40,40,40,-10,-10,-64,-24,Strong poison/Strong disease/--,strong_poison,strong_disease,false,628mqu1m
5cc3633d-c036-4277-b04a-7addbbcc1413,ctiggpgr,high,632,528,385,347,272,97,760,514,101,383,1,35,36,-2,-15,-2,-81,0,Blinding/Medium disease/--,blinding,medium_disease,false,62q5u5vg
12e37730-f4ad-4513-9809-5fea9938ba73,d47r28hd,average,4,1,16,276,104,51,515,281,23,12,0,1,0,2,2,2,-4,-4,--/--/--,"","",false,64a7inbs
02218602-4f56-4070-8973-a8b47bd6b409,39k9ghma,above_average,395,140,220,385,71,60,510,332,365,347,0,10,20,-64,33,33,33,-64,--/--/--,"","",false,64v2qh2v
cd710917-b3cb-4953-9d47-ba19df49e1a9,n3hbo346,high,268,212,130,338,99,55,696,337,33,358,0,20,20,-24,-29,-29,-29,-29,Strong poison/Strong disease/Ranged,strong_disease,strong_poison,true,66h9j346
19d95885-9fcc-43f3-bd0f-f6377952b38a,gl9kjsm2,high,519,430,282,384,118,105,738,508,100,421,0,35,-35,-5,-35,-30,-45,-28,Strong poison/Strong disease/Ranged,strong_poison,strong_disease,true,67tomsu8
4910622b-0853-49ae-80a1-2a3dabb147ce,hg28ev68,high,164,87,175,289,137,133,694,174,25,21,0,5,-52,5,-52,-52,-52,-52,Dizzy/--/Ranged,dizzy,"",true,6b979vqt
ad32c342-48f1-4a72-90c2-67e0fa169397,mimktdn1,above_average,514,470,189,264,122,130,715,294,100,417,0,56,-54,-32,-10,-7,-71,-30,Stunning/Intimidation/--,stunning,intimidation,false,6f9lmdbu
04cefb3e-4929-452b-b658-f58de52565e5,3jp1ttp5,high,582,525,473,330,529,281,578,508,264,303,1,58,23,69,60,64,-92,-9,Dizzy/Mild poison/Ranged,dizzy,mild_poison,true,6grbbtt4
622c4826-37c4-42ec-9bea-c2a4084fc5e4,eo6t0d5o,high,54,31,59,343,65,77,576,515,26,33,0,4,0,0,-39,-39,-39,-37,Mild disease/--/--,mild_disease,"",false,6hlc2dh1
781efb12-1214-4b7f-962e-4c0a639a3679,81khfajq,high,551,463,257,348,17,15,759,512,101,334,0,51,-47,-16,-5,-4,-55,-15,Stunning/Intimidation/--,stunning,intimidation,false,6hucfarf
69776b24-c365-4592-a23f-4413c697b81b,ioucfr65,high,615,455,609,514,618,476,341,318,206,338,0,34,55,-33,87,87,87,-33,--/Intimidation/--,"",intimidation,false,6j048r2a
de45672e-9c0c-47e8-a84a-ed772a739149,er9nq4et,high,549,443,3323,311,98,51,760,513,26,139,0,58,-64,-2,-35,-34,-99,40,Crippling/Intimidation/--,crippling,intimidation,false,6ko7k4ql
7708b382-bc6e-43c1-aa42-7e17712f5712,q7n6q9pa,above_average,344,87,216,331,120,68,785,501,2,94,0,28,5,5,-99,-68,-68,-5,--/Intimidation/--,"",intimidation,false,6krvta9s
85ef2668-a200-499b-b78d-dca4def72e56,qocj2h8k,high,499,205,481,475,470,295,622,338,226,251,0,50,23,25,41,41,-99,-99,Crippling/Intimidation/Ranged,crippling,intimidation,true,6mkbfhco
0e320feb-c22c-443b-a829-b46a8d712085,tho778jf,above_average,7,1,7,254,6,21,574,255,35,28,0,0,0,0,0,0,0,0,--/Crippling/--,"","",false,6mutomu3
c22cdfc6-6d45-495f-b92d-719e7da86c6e,hhji6a80,high,386,98,200,335,117,69,790,514,78,97,0,28,5,5,-99,-69,-69,-55,--/Intimidation/--,"",intimidation,false,6nljrd9q
acdcef41-a4af-4a31-8cb5-7c5d4fcd823d,t1e1bjda,above_average,568,272,440,227,244,169,687,347,26,129,0,50,60,25,25,25,25,25,Stunning/Crippling/--,stunning,crippling,false,6qvncjh2
8305ad36-bb1c-48a9-9f52-bed9a62b2762,6h71keks,high,643,559,421,341,383,208,420,347,24,412,1,15,10,-1,16,16,-32,"",Strong poison/Strong disease/Ranged,strong_poison,strong_disease,true,6td1segp
8765c95e-6e6b-45eb-be4b-a9b603d34dd2,7jnhjfpr,high,485,424,91,283,16,1,756,512,27,113,0,52,-39,-16,-2,-16,-55,-14,Dizzy/Strong disease/Ranged,dizzy,strong_disease,true,701gl911
89d68386-3f6e-4c9d-a69b-8667920aec93,kaj8gq3t,high,609,443,332,304,142,141,768,522,27,199,0,59,-62,40,-34,-23,-88,-1,--/Intimidation/--,"",intimidation,false,71fd75ss
7865a28a-d25a-467e-8080-709b9671bb98,dnoc79f5,above_average,633,515,539,416,581,369,692,427,226,510,1,15,8,-40,30,30,30,-39,Dizzy/Strong disease/Ranged,dizzy,strong_disease,true,722pd8fo
b4322ef0-f01e-4ca9-939d-7e4b55e9da4a,chaofnj2,high,487,442,203,316,15,16,760,515,103,323,0,51,-6,-20,-3,-1,-13,-19,Stunning/Intimidation/--,stunning,intimidation,false,73mpkmr3
0de06f38-bab9-479d-947d-6e5c8639f4c6,4t68q2pb,above_average,332,93,208,329,113,66,782,513,74,96,0,28,5,5,-99,-68,-68,-5,Crippling/Intimidation/--,crippling,intimidation,false,767fs25r
31b1fcb8-ad95-43a5-ac86-6df4b68e5517,5kq61f9k,above_average,573,427,355,433,133,137,757,520,25,45,0,55,-62,40,-9,-11,-63,11,--/Intimidation/--,"",intimidation,false,76l35fh3
33067869-7b0e-4402-9d6f-73947dcdbf0e,m621m8ul,high,419,94,207,332,119,68,786,512,75,96,0,28,5,5,-99,-68,-68,-5,Crippling/Intimidation/--,crippling,intimidation,false,7703l8uk
f8511671-e129-4b38-a5c3-aab33417386f,4dvicp9c,high,632,444,313,299,92,43,759,515,26,129,0,59,-63,40,-35,-25,-89,-3,Crippling/Intimidation/--,crippling,intimidation,false,77ql8ptu
a83bc725-4953-4b2b-bfd1-d3c5b7392b07,ovn4nsid,high,476,451,240,350,36,46,758,510,1,352,0,48,-57,-8,-23,-20,-68,-19,Strong poison/Strong disease/Ranged,strong_poison,strong_disease,true,78mq8sed
231a0d13-dee6-4acb-929d-a64b20fb5e12,kg19t749,high,181,42,67,336,25,38,688,337,26,143,0,0,-64,0,-64,-63,-63,-64,Dizzy/--/Ranged,dizzy,"",true,796eu7oq
0bb1f85f-cb33-4dc2-9604-2f5a7a7b8308,ap9b343e,high,649,621,596,422,554,388,633,511,281,534,1,42,49,37,45,83,83,37,--/Dizzy/Ranged,"",dizzy,true,7crg94bn
6497117e-feea-445c-bedc-70a191b6da4b,niqh3vcn,above_average,370,95,216,333,117,68,780,510,72,93,0,28,5,0,-99,-70,-70,-6,Crippling/--/--,crippling,"",false,7ebgavgf
ca1fc807-75a1-49e8-8dae-a3e097381c80,3c968q42,above_average,511,300,547,427,504,375,487,253,212,363,0,17,16,5,59,5,-11,-97,Stunning/Intimidation/--,stunning,intimidation,false,7ejfcq4v
8aa259ec-2da9-48e6-bf1c-8c6246e92c25,bgusn1g1,high,645,501,487,409,488,301,764,521,106,305,1,47,40,19,21,19,72,72,Blinding/Stunning/--,blinding,stunning,false,7gp5n10i
89b36ca7-618f-4c50-8846-88a3412d1b3d,6jpb28m6,high,484,463,266,375,15,13,675,431,100,272,0,51,-53,-28,-10,-8,-68,-26,Stunning/Intimidation/--,stunning,intimidation,false,7hu8m9al
1f5b539b-8b27-4531-9e9b-5c93d531a4bc,i8k3icef,above_average,46,9,34,331,44,45,661,334,121,49,0,13,2,7,0,-69,-69,-69,--/Intimidation/--,"",intimidation,false,7k58rcin
17461522-9757-4b2a-8e01-f7b8ab163d5c,mrc6d28i,high,644,551,558,290,402,325,764,518,102,418,1,60,-78,-17,-6,-5,-86,-16,Stunning/Intimidation/--,stunning,intimidation,false,7l9402sg
18884bbe-64e7-4757-a937-da0f3e24763f,rjifhctv,above_average,426,260,356,302,95,44,686,342,26,125,0,59,-63,25,-35,-25,-89,-3,Crippling/Dizzy/--,crippling,dizzy,false,7lnnscdt
3538c655-870e-437f-a499-8865ca4f893c,p8p9no5v,high,628,445,397,376,100,47,761,521,27,128,0,59,-63,40,-35,-25,-89,-3,Crippling/Intimidation/--,crippling,intimidation,false,7p5lkodh
f21acb27-043d-46b3-add6-8ee2d0e1a9f6,u0jr2aed,high,526,319,438,331,627,394,555,511,302,401,0,60,60,29,20,-5,-70,-24,Knockdown/Crippling/Ranged,knockdown,crippling,true,7pg91aic
b0016a5c-fc3b-4255-ba0f-405da76a77b4,t7upb6ne,high,626,533,508,415,574,431,757,509,98,466,1,30,30,52,0,25,52,52,Strong poison/Strong disease/Ranged,strong_poison,strong_disease,true,7q9dg775
260151d2-93e9-49fb-bec5-0272cb5f2c80,jtk7vfj9,high,499,404,347,434,115,102,716,511,286,400,0,40,-26,-55,-20,-15,-55,-52,Stunning/Intimidation/Ranged,stunning,intimidation,true,847ncae9
2fe6fc6b-5e06-485e-84f2-d7273e8880d0,43traveg,above_average,566,441,347,302,94,45,540,515,24,126,0,59,-62,40,-34,-23,-99,-1,--/Intimidation/--,"",intimidation,false,85e26vu9
3e44c43e-9b2a-4f2c-8d68-1c3038fb97d4,m9rkqnpj,above_average,179,41,63,332,14,10,691,340,24,129,0,0,-64,0,-64,-64,-64,-64,Dizzy/--/--,dizzy,"",false,85u8jndh
9852766f-22e6-4f9f-8d86-8d90d4c962da,qv6dpdhl,above_average,595,438,361,297,100,44,758,513,25,126,0,59,-63,40,-35,-25,-89,-3,--/Intimidation/--,"",intimidation,false,85v9cd9p
26200f5b-454d-4689-8b58-875616a5ce30,e4lssu7t,very_high,453,226,372,339,265,132,608,342,174,284,0,43,-1,20,91,66,45,16,Knockdown/Blinding/Ranged,knockdown,blinding,true,861hou77
c476bab6-f232-4ee8-8c92-20a7753ddfab,1eo7fcdh,above_average,15,4,5,332,4,7,745,333,65,24,0,3,0,2,0,"","","",Stunning/--/--,stunning,"",false,889ljj1u
641217d5-c4ec-4fe6-9997-92d1eb9da54f,c0lifum3,high,116,27,170,358,111,123,492,337,27,48,0,18,0,0,0,0,-44,-44,Dizzy/--/--,dizzy,"",false,89bqduic
978895c9-5f7c-4cf3-963d-4167614acdc6,k5vqe9te,high,397,94,211,337,118,69,785,513,72,94,0,28,5,5,-99,-68,-68,-5,Crippling/Intimidation/--,crippling,intimidation,false,8e63pali
7700363c-97b2-4166-8523-0b3c7e0baa2a,r035du6v,high,414,93,203,335,123,70,784,508,73,94,0,28,5,5,-99,-68,-99,-5,Crippling/Intimidation/--,crippling,intimidation,false,8i428uuc
87b72687-5e8e-4c96-a640-b31c112097b2,c53ggem6,average,2,2,10,240,2,5,659,255,54,1,0,0,0,0,0,0,0,0,--/--/--,"","",false,8mgpmeev
2ac6b820-19d4-4400-b378-598abe1afc20,d6cp95ct,above_average,237,39,114,262,180,100,682,506,112,315,0,-1,18,"",-46,-34,-44,8,Knockdown/--/Ranged,knockdown,"",true,8olil5k1
dbe6d019-f2ff-466e-905a-4db37c249ccd,nn8gacl4,above_average,451,346,98,333,135,98,752,507,26,244,0,42,-1,-54,-9,-54,-54,-49,Dizzy/Strong disease/Ranged,dizzy,strong_disease,true,8p4fnfdi
20bcb1ae-509c-4182-b253-2a3a1a850145,tv59oqf3,high,346,282,137,263,64,28,758,522,99,198,0,20,-1,-34,-1,-1,-34,-1,Knockdown/Intimidation/Ranged,knockdown,intimidation,true,8pe1l50p
2da9a235-a7a6-4b88-a23e-db40e5994410,i5qap6bg,above_average,564,532,232,314,29,29,758,507,100,358,1,60,-22,-33,-32,-32,-59,-32,Stunning/Intimidation/Ranged,stunning,intimidation,true,8r8v4639
4e89fc86-20e3-49cd-a3b4-42a6269dfa75,kna85iol,high,22,9,65,340,93,84,698,339,100,94,0,8,8,0,0,0,0,0,--/Knockdown/--,"",knockdown,false,8r9hsi84
de00c2d7-c48a-491d-aaa2-f72438e71685,6295lnu3,high,136,56,184,281,140,142,826,475,1,48,0,20,25,5,-56,-56,-55,-50,Stunning/Crippling/--,stunning,crippling,false,8roonn2r
43ba4cea-9532-406e-8592-df83c0c1c3bc,0h0q8mcg,average,95,21,45,326,7,24,647,328,52,29,0,18,0,25,25,25,-39,-39,--/Intimidation/--,"",intimidation,false,91i98m49
e4503707-fa4d-43e4-acd2-87f6ced38fcc,i84eei0o,high,261,179,260,384,233,202,695,340,26,180,0,29,29,5,29,5,5,8,Dizzy/Stunning/Ranged,dizzy,stunning,true,92epbi4d
69d3ffee-9b8c-4e75-99a6-8ea57290b686,jh4lkuoq,high,630,465,438,337,529,338,757,514,102,436,0,48,41,27,-5,27,72,72,Blinding/Stunning/Ranged,blinding,stunning,true,94e0vugf
2e4269a0-3355-4da5-b707-fe07c4389d03,1tlktrc3,high,612,464,536,422,589,431,694,339,106,423,0,48,41,27,-5,27,72,72,Blinding/Stunning/Ranged,blinding,stunning,true,9615rr0p
3029e7a7-62ea-44bb-bab6-5e25308a19b8,jspq83vn,above_average,555,441,337,303,77,45,541,522,26,129,0,59,-62,40,-34,-23,-88,-1,Crippling/Dizzy/--,crippling,dizzy,false,97qff336
d201738e-e123-44cc-82fa-948b6a4eef85,ce00apsb,above_average,708,574,578,488,349,300,514,344,101,528,1,60,-87,5,-3,-5,-93,-3,--/Dizzy/Ranged,"",dizzy,true,9avaio04
e79c9654-7f72-4793-b845-56fc00edc93b,vk16gh5v,high,701,616,591,503,587,446,554,511,465,575,1,37,53,23,56,76,69,20,--/Dizzy/Ranged,"",dizzy,true,9ftbnh91
52fe77c7-be2b-45ef-8464-756f3d906443,obig33vp,high,487,378,416,311,115,60,698,353,26,391,0,60,-74,-20,-7,-6,-84,-19,--/Medium disease/--,"",medium_disease,false,9kfis0vn
29c66d18-cc81-4e5a-bd29-9d54d1eb6beb,4aghbtug,high,575,445,389,304,33,38,542,517,25,126,0,59,-62,40,-34,-23,-89,-1,Crippling/--/--,crippling,"",false,a3td9tam
968d4d14-e77d-4ae9-96bb-9176a7e8649f,bmav9hib,high,560,459,118,279,17,14,759,510,26,145,0,51,-5,-10,-1,-1,-22,-22,Stunning/--/--,stunning,"",false,a9isngin
744f3816-3a7e-4081-a166-8878d138b845,637hvvk7,above_average,219,40,69,331,15,18,686,329,47,128,0,0,-64,0,-64,-64,-64,-64,Dizzy/--/--,dizzy,"",false,ahv8bvor
ff1fd2cf-295a-463b-8333-e62738c85869,jaq75nso,high,546,441,349,298,90,42,543,522,26,128,0,59,-62,40,-34,-23,-88,-1,Crippling/Intimidation/--,crippling,intimidation,false,ak2k8ng4
6cb5dbd9-29c2-4879-b111-9ad6d42084e4,gm81nbmi,high,612,547,449,327,230,174,761,517,27,335,1,55,37,-52,70,-23,39,74,--/Strong poison/Ranged,"",strong_poison,true,amekmbm1
c00b464c-bc5d-469b-b0f8-73f5dd58cad6,kdcgdht7,above_average,130,26,75,335,70,34,691,334,25,61,0,0,-44,0,-44,-44,-44,-44,Dizzy/--/--,dizzy,"",false,aobcmg94
3499423f-6d4c-4505-be7a-74709c2976a4,sho0b4pk,above_average,523,406,162,333,108,99,712,510,290,497,0,40,-6,-69,-10,-5,-30,-66,Stunning/Intimidation/Ranged,stunning,intimidation,true,at8d24tc
eb7f91db-bee8-41ce-8b31-9c828582cfd0,9b99uil9,above_average,566,282,491,467,383,336,687,60,25,46,0,50,60,25,25,25,25,25,Stunning/Crippling/--,stunning,crippling,false,atsfiid3
8e73bf9b-d95a-4666-b1d0-041f32f899d9,ilvktmfv,high,529,405,171,334,107,33,718,512,127,322,0,40,-6,-69,-10,-5,-30,-66,--/Intimidation/Ranged,"",intimidation,true,b14a4i8b
416c9437-6327-4336-b9f4-af92d90f33e4,7ob039ah,high,311,136,272,333,129,77,715,341,47,135,0,44,"",10,-99,-68,-68,-5,--/Dizzy/--,"",dizzy,false,b3np596f
55d7cbd3-a3ca-4f80-8b93-a730007dd8a0,sfjejmfd,above_average,218,101,175,374,177,102,618,332,113,68,0,10,10,7,10,27,27,-44,Dizzy/--/--,dizzy,"",false,b8a0cl31
bdad4eb5-8301-4091-933b-dc23e752d22b,6hpsmmeg,average,1,1,1,251,1,10,1000,252,9,5,0,0,0,0,0,0,0,0,Crippling/Medium poison/--,"","",false,b9a7mmi9
62387852-45fa-4d88-ad22-0af475a84dac,8rqgaej1,above_average,544,262,553,510,514,343,688,333,25,281,0,50,60,25,25,25,25,25,Stunning/Crippling/--,stunning,crippling,false,bdid1j94
12f757ee-8307-42b4-8b95-d6d06ea6d3f7,arnq47rm,high,462,434,294,338,29,28,766,505,106,232,0,60,-8,-35,-35,-35,-48,-35,Stunning/Intimidation/Ranged,stunning,intimidation,true,behpe7j5
374b9abc-3f65-43c8-886e-ac18509b36fb,ihu3gg0t,above_average,60,42,76,372,43,119,589,338,73,47,0,0,6,-64,0,-64,3,"",Mild disease/Intimidation/Ranged,mild_disease,intimidation,true,bf9gt6fh
71f2ba8f-52fa-46cc-b358-64bef46274a2,4slndd9q,high,567,445,415,305,96,45,764,523,27,137,0,59,-62,40,-34,-24,-88,-19,Crippling/Intimidation/--,crippling,intimidation,false,bhm6l6s5
45fd389b-075c-43c6-ae79-2d84f0c1b71b,a7gkqvun,above_average,7,2,7,337,32,104,669,335,25,32,0,0,0,6,0,0,0,0,Intimidation/Crippling/--,intimidation,crippling,false,bhqn6sa2
cbd7d881-107e-4a7c-ac1c-be3b924412f9,vi99plrg,average,69,81,1,252,102,43,683,230,41,19,0,5,5,6,5,19,19,-30,--/Intimidation/--,"",intimidation,false,bjr0qlr9
a3450406-9348-48cb-b7e4-697df2640a36,pdpfv93f,above_average,6,1,7,255,5,19,570,250,36,27,0,0,0,0,0,0,0,0,--/Crippling/--,"","",false,bmr7ome1
af63ea3c-7d02-4483-9613-de12d0eca343,6lbckaf3,high,671,576,686,516,672,617,514,514,381,462,1,35,60,5,85,85,85,5,Knockdown/--/--,knockdown,"",false,bp2ns93n
4b08abfa-c3f1-4396-90d6-e66ef6a8c908,io95cn7j,high,512,445,108,277,17,17,758,512,100,364,0,51,-6,-20,-3,-1,-13,-19,Stunning/Intimidation/--,stunning,intimidation,false,bpfsb3i5
e9dcdbad-4a32-43a7-96e0-0173d56b5bbe,56okbn5e,very_high,203,43,67,337,16,12,695,334,25,129,0,0,-64,0,-64,-64,-64,-64,Dizzy/--/Ranged,dizzy,"",true,bqk8jnd8
4b07a04a-3e5f-4761-9fc8-53e30319c29d,r87msnb4,above_average,105,406,170,335,272,251,713,507,187,270,0,41,-1,-29,-10,-29,-54,-27,Crippling/Intimidation/Ranged,crippling,intimidation,true,branrnji
007c8608-780b-48c4-bc10-394e926fa404,dldko43r,above_average,510,442,376,309,88,74,607,518,25,271,0,60,-33,-58,-58,-58,-99,-58,--/Intimidation/Ranged,"",intimidation,true,bu1pu47d
76429408-bf64-4f57-a38c-97597d649ccd,mlkg2v8u,high,653,529,521,336,350,242,650,499,330,467,1,53,6,42,19,48,-19,20,Dizzy/Crippling/--,dizzy,crippling,false,bvda7vsi
916c08ee-d860-4057-b01a-ba44c5e4f2e6,4f99jnbj,high,517,410,155,334,169,170,714,512,291,461,0,40,-6,-69,-10,-5,-30,-66,Stunning/Intimidation/--,stunning,intimidation,false,c02pdnrm
a1ec1dd5-e058-4440-8620-4f93a7340a95,gjofca6o,high,290,99,225,336,115,1,789,515,75,29,0,28,5,5,-99,-68,-68,-5,Crippling/Intimidation/--,crippling,intimidation,false,c0cnraai
7e914e96-6fe0-4688-912e-434762a0836c,rhsa5i07,high,584,491,121,281,14,10,758,512,102,265,0,56,-42,-18,-2,-1,-48,-17,Stunning/Intimidation/--,stunning,intimidation,false,c2h52ioh
b0e5c349-5deb-440d-ab5c-e59038065618,g2nofbpk,high,408,116,296,386,120,71,773,513,48,97,0,28,16,-40,-60,-14,-30,-8,Dizzy/Intimidation/--,dizzy,intimidation,false,c4l02bpl
546ba1cc-c549-4e9f-847d-030b5423448d,ku91ska3,high,134,41,113,312,92,70,1000,349,25,114,0,26,33,0,-33,-33,-85,-78,Stunning/Crippling/Ranged,stunning,crippling,true,c7lgvk6t
de4cd800-ffa1-4fda-aaac-a87dd2e95f72,21rjqq8a,high,540,509,179,179,227,68,691,173,25,140,1,48,41,48,32,40,-86,0,Dizzy/Blinding/Ranged,dizzy,blinding,true,c8af851d
e4244289-960c-488a-bdd0-3d31971209c4,drq6fvcp,high,560,442,387,306,102,45,546,520,25,130,0,59,-62,40,-34,-23,-88,-1,Crippling/Intimidation/--,crippling,intimidation,false,ccf41vkj
db331cd8-46ef-4e9e-a6ca-529b1b2d9177,o84putqr,high,485,423,421,320,120,74,764,512,31,135,0,59,-28,40,-29,-60,-89,-41,--/Intimidation/--,"",intimidation,false,cdujlsnu
423667cf-f937-4794-9e06-68e5e28e09a4,hmqk1lf9,average,3,2,3,325,8,26,591,327,39,16,0,0,0,1,0,0,0,0,--/--/--,"","",false,cf3f2ljl
752c8395-547c-4fcd-9e6b-5a85770438cc,8reehgl4,high,220,43,69,334,15,12,695,338,25,126,0,0,-64,0,-64,-64,-64,-64,Dizzy/--/--,dizzy,"",false,cfs6pgtd
9b8fc9da-3458-450d-b7dc-ba985b8483d1,rfbo4fi0,high,714,636,531,317,609,491,567,521,285,630,1,41,48,25,51,83,83,25,Stunning/Intimidation/Ranged,stunning,intimidation,true,cgknrfav
4da30d71-b5bc-490a-af27-0511fcea3e6e,qvhlrubf,high,451,217,337,336,266,128,609,335,342,448,0,43,-22,20,91,66,45,16,Knockdown/--/Ranged,knockdown,"",true,cj1o2v3n
b1a526d1-d8bc-4a00-b5aa-220e3db42dcc,1dr7fpkh,average,402,72,361,325,376,154,326,327,378,222,0,45,5,60,60,60,-99,-99,Crippling/Intimidation/--,crippling,intimidation,false,ctpoc9k2
a0d5e440-334b-4f7d-b282-650b263a4302,b71e641o,high,514,413,259,386,184,172,716,510,296,408,0,40,-6,-69,-10,-5,-30,-66,Stunning/Intimidation/Ranged,stunning,intimidation,true,d0a2o7dt
efc9d0f1-980b-4008-aeb7-d5d3e12f50f3,oat3dau1,high,704,695,704,521,699,692,386,302,313,710,0,56,57,57,51,8,16,6,Blinding/Stunning/--,blinding,stunning,false,d5j7caq6
3b5433e5-b3ef-47e4-ab40-e69e1eafe3cc,52532qhg,above_average,57,3,52,253,56,36,574,259,76,46,0,20,0,10,0,-99,-99,-99,--/Stunning/--,"","",false,d7eno4sq
759b9950-ec22-47f9-83d9-2f18bc1c9bc2,6macouvi,high,447,226,368,336,298,128,710,511,172,282,0,43,-1,20,91,66,45,16,Knockdown/--/Ranged,knockdown,"",true,d7qrquna
612d2b71-987b-4a11-b9a9-eb0393710df7,lmho8b59,above_average,560,435,391,301,248,151,761,510,23,125,0,59,-62,40,-34,-23,-88,-1,--/Dizzy/--,"",dizzy,false,d8i9lk5v
3c5fb6ca-f945-4a83-8d8d-7f288e6ad8a7,l6unkieo,high,487,460,217,321,16,13,760,511,104,345,0,51,-42,-21,-4,-2,-49,-21,Stunning/Intimidation/--,stunning,intimidation,false,d9fabm4h
7a59d93a-6ef2-451c-863a-db33d184d013,eugjrslp,average,257,41,272,254,230,98,272,254,9,149,0,0,30,0,-99,30,-99,0,Stunning/--/--,stunning,"",false,dacl3328
88929487-13b7-4721-88eb-902fd324bf2a,la3rhm2d,average,30,4,38,260,103,39,845,259,74,24,0,10,10,0,-49,3,-39,-9,--/--/--,"","",false,dc3bsm2d
ad80515b-d259-4c45-b168-07e34b76ba6b,4osbtoc2,above_average,660,542,523,507,263,235,715,507,289,452,1,59,-55,-30,6,10,-55,-28,Stunning/Intimidation/--,stunning,intimidation,false,dcfolokr
d0f6075f-84c1-45bf-b738-2fe42a9f0e85,dj3rq0s9,high,580,478,364,333,360,151,813,511,52,370,0,50,-23,45,-4,-9,-44,-22,Knockdown/Strong poison/--,knockdown,strong_poison,false,dcnqk0gj
3de1f6a7-6696-4018-ab34-fa0bed43bd2b,tkn5vvoh,high,410,94,199,337,118,67,785,511,75,95,0,28,5,0,-99,-70,-70,-6,Crippling/Intimidation/--,crippling,intimidation,false,dd64cv09
439dfe0b-4cf1-44c5-82a4-1d9c32059174,vhmeamot,above_average,530,457,98,275,16,15,760,510,98,371,0,51,-42,-21,-4,-2,-49,-21,Stunning/Intimidation/Ranged,stunning,intimidation,true,dd7b3m45
acef18ec-37c1-40f4-97f5-1a1febc1a2dc,m15p59j5,above_average,13,2,7,257,5,19,572,258,9,33,0,6,6,0,0,0,0,0,--/--/--,"","",false,ddsec97p
ee6f3d1b-527f-48a5-9156-f6b44d0b2a10,8s611ms5,above_average,505,458,206,315,16,15,760,515,99,339,0,51,-42,-21,-4,-2,-49,-21,Stunning/Intimidation/--,stunning,intimidation,false,de8b5mk2
7a8664c1-af72-4d75-a402-234567fbd30a,jn8jn5dc,above_average,565,430,319,264,450,218,495,507,289,421,0,53,43,53,31,31,-99,-22,Dizzy/Blinding/--,dizzy,blinding,false,dede44tu
79fadec3-fe2a-405f-8c41-7075904bc0a2,5u8giv5m,high,389,233,268,361,151,82,762,483,106,202,0,42,52,-8,-34,-11,-11,-1,Stunning/Intimidation/--,stunning,intimidation,false,dfi1gvdb
604b9c08-daf3-416c-9fa4-4f7cb56a5885,nbfjgqh0,high,635,506,435,325,491,273,593,324,118,473,1,60,-40,14,-20,10,-40,11,Stunning/Intimidation/--,stunning,intimidation,false,dfr7jh02
2723d913-03fd-4ea7-8fa3-a30e69faa60f,v5283rkm,high,567,504,332,294,344,178,630,332,127,281,1,49,41,48,33,40,-90,0,Dizzy/Blinding/--,dizzy,blinding,false,di2ccqkm
1ccbbda5-6fe7-42c4-b11b-2fc889c36ef7,ht82vvir,above_average,7,2,6,336,5,28,670,338,97,122,0,0,0,6,0,0,0,0,Intimidation/Crippling/--,intimidation,crippling,false,dj5r2sqd
2d158942-fdfe-421e-b9ad-e60aae169d82,mbgvjk5s,high,280,231,227,275,191,141,696,241,103,415,0,19,17,12,"",-5,-75,-20,Stunning/Intimidation/Ranged,stunning,intimidation,true,dln8ukpf
ccf712c4-07e6-4b43-b42c-df3657b78520,c3qfuo8a,above_average,596,507,380,294,366,193,460,338,185,316,1,48,41,52,29,46,-56,11,Dizzy/Blinding/Ranged,dizzy,blinding,true,dodd8r81
26f1e1f0-9620-43b2-8561-224c4534b1be,48sqcvq0,high,389,98,181,334,122,1,787,509,75,95,0,28,5,5,-99,-68,-99,-5,Crippling/Intimidation/--,crippling,intimidation,false,dq388v2f
b86daa99-ab11-4dad-bc6c-f8f3666adb63,5qvcnhsd,above_average,116,17,169,374,91,138,755,509,24,75,0,0,0,0,0,0,0,0,Stunning/--/Ranged,stunning,"",true,drvslhsd
d28494a3-2842-4350-9947-ec5e6d857a5a,p4lb17p2,high,511,408,164,338,105,103,618,271,294,406,0,40,-25,-54,-19,-14,-54,-51,Stunning/Intimidation/Ranged,stunning,intimidation,true,dta2275t
1028dbea-9d42-40f9-91a6-b6b7e1943281,l5fvelhh,above_average,338,90,213,337,116,66,784,507,74,93,0,28,5,5,-99,-68,-68,-5,--/Intimidation/--,"",intimidation,false,dvveblt9
a47b1b00-983d-4194-b2d4-dfe81109d1d3,uvgpg2g6,high,592,446,402,303,98,45,767,517,27,128,0,59,-62,40,-34,-11,-76,-19,--/Dizzy/--,"",dizzy,false,e0dofdgr
e3645a2e-bace-4569-a846-f944e3b38d78,u3rghl5c,high,585,446,308,214,359,147,695,295,107,232,0,22,16,9,-16,-16,-55,-29,Strong poison/Strong disease/Ranged,strong_poison,strong_disease,true,e0egmmd6
149a308f-5b46-4098-bce6-1c26bf9b4927,0f02ndch,high,377,99,198,340,115,67,787,509,75,98,0,5,5,0,-99,-70,-70,-6,Crippling/Intimidation/--,crippling,intimidation,false,e27uddsi
9a5a1977-8bfa-46ac-a957-14017a29cb1d,6ge8ttcq,high,615,530,503,502,269,210,951,343,1,461,1,60,-68,-15,-7,-5,-77,-10,Stunning/Intimidation/--,stunning,intimidation,false,e2jpptk4
5c1366d6-2bce-4b89-a966-9dfa572f3107,vhemdr2d,high,543,397,583,510,521,379,404,403,299,343,0,20,47,-32,79,79,79,-32,Knockdown/--/--,knockdown,"",false,e3rk8rq7
724bbadb-1755-4b12-8498-8b1df84e712f,68culal7,high,391,92,219,340,109,69,785,514,75,95,0,28,5,5,-99,-68,-68,-5,--/Intimidation/--,"",intimidation,false,e8qf5ahs
427db969-c787-4c7b-89c6-6eb92b08498c,im6iqroa,high,629,502,504,371,470,348,731,402,101,369,1,46,40,30,12,30,72,72,Blinding/Stunning/Ranged,blinding,stunning,true,e9tb5r0n
0aaeba4d-4a75-4ff7-b3ec-6875bd5f5e6a,4vmtko08,high,205,44,67,338,15,12,692,337,27,131,0,0,-64,0,-64,-64,-64,-64,Dizzy/--/--,dizzy,"",false,eap9epkf
48ac3ed6-0fee-4488-9826-1baf87ab99fd,ih1gpvdq,high,659,526,535,419,514,319,588,520,371,456,1,60,0,48,76,63,-66,15,Dizzy/Blinding/Ranged,dizzy,blinding,true,ebs8svhk
77e18e87-c0a2-4df8-9522-2a8fd35030bb,vr25vj5c,high,574,267,485,112,349,175,760,514,27,281,0,50,60,25,25,25,25,25,Stunning/Crippling/--,stunning,crippling,false,ecs7gjd3
dc5aac7d-15b9-4f2b-8f4b-a4672eee83dc,n55bvqdk,above_average,479,431,243,315,27,29,762,512,100,281,0,60,-62,-20,-19,-19,-84,-19,Stunning/Intimidation/Ranged,stunning,intimidation,true,efbpqr1j
46e1aeb4-9f0a-47b4-a9a2-5dffe0e70aaf,gc2phcjr,above_average,503,456,472,271,250,187,758,435,100,429,0,60,-72,-1,-1,-16,-94,-1,Stunning/Intimidation/--,stunning,intimidation,false,efi4mcj3
7c7e861d-a1ff-4674-9a4b-f96a1b30f6c9,9r4os34m,high,684,606,578,399,429,309,757,516,103,377,1,60,-91,-6,1,-3,-91,-1,Stunning/Intimidation/--,stunning,intimidation,false,em8mm30g
e8446cec-6d90-4ae1-a3ac-72893f5eae2e,bv3ba45h,very_high,635,542,549,426,628,469,761,518,104,420,1,46,-17,37,41,58,37,58,--/--/Ranged,"","",true,emhu8r6m
3c99a79d-9ad7-43e5-b28c-cdb4cba0597d,aeda8p11,high,593,445,367,302,107,46,763,520,26,128,0,59,-63,40,"","",-64,"",--/Intimidation/--,"",intimidation,false,env3apdo
a90d3eb7-1ec0-48e1-b9e4-e3beb1e71392,v0g99l6s,high,661,523,535,401,546,388,653,456,140,400,1,43,45,33,25,59,40,0,Stunning/Intimidation/--,stunning,intimidation,false,ermaelaf
0c615f61-1d62-40d2-8930-168066e8156d,p8csqe2,high,582,443,395,307,89,24,544,529,28,101,0,59,-62,40,-34,-23,-88,-1,Crippling/Intimidation/--,crippling,intimidation,false,f11gpaq4
a7e03efd-f53d-4e1f-bdef-372487d4ec6e,9apcdipj,above_average,236,42,73,332,15,11,691,337,24,125,0,0,-64,0,-64,-64,-64,-64,Dizzy/--/--,dizzy,"",false,f191r12n
7c1c5e27-c301-44db-a15f-114bd2d8cefa,v06abo9o,high,338,92,193,332,91,65,650,510,110,28,0,28,6,1,-99,-63,-63,-5,--/Intimidation/Ranged,"",intimidation,true,f1eb8o9c
02d68840-2fd1-4b88-a2c7-573646435e5a,ftg4kv5q,above_average,554,350,277,321,156,94,715,466,78,298,0,55,60,-2,12,-3,-3,-67,Knockdown/Dizzy/--,knockdown,dizzy,false,f635ivp3
15f19159-b765-42c8-a907-c382594eee7a,56vaha7f,above_average,558,434,324,298,101,44,759,521,25,133,0,59,-26,40,-69,-48,-78,-38,--/Intimidation/--,"",intimidation,false,fbeurnr0
317f488a-6a1a-4c22-8c4d-e63972fcca8c,akv1i1uq,high,587,500,492,416,496,342,532,426,177,397,1,48,-34,44,41,38,-33,11,Dizzy/Stunning/Ranged,dizzy,stunning,true,fbkac2uf
fa754cda-b9fb-4c31-9ba9-6f506bfb3361,hr9q1it5,high,244,220,196,235,181,157,692,114,104,388,0,19,15,10,"",-5,-72,-21,Stunning/Intimidation/Ranged,stunning,intimidation,true,feu7ai5u
12b7e645-6154-47eb-867d-5bc286eeda0a,tcl53oap,high,503,246,511,484,463,244,691,334,104,393,0,40,-11,20,-11,-11,-99,-99,Dizzy/Mild poison/Ranged,dizzy,mild_poison,true,ffi0k8v6
dd20b38d-71b6-4b5a-8535-6ee331c853e4,e5otfqj8,above_average,379,92,211,331,112,66,782,509,206,218,0,28,5,5,-99,-68,-68,-5,--/Intimidation/--,"",intimidation,false,fg8vlqv0
f0d7f929-2356-4c59-81f1-e1c936864464,upisjp0f,high,264,74,274,387,300,136,337,337,52,104,0,17,20,-25,-46,-94,-99,-33,Intimidation/--/Ranged,intimidation,"",true,fgpu0pga
9bd48de2-67f0-4225-a2a3-d50aaafab187,e9pnu46l,high,363,95,186,334,128,82,847,507,93,105,0,26,1,-5,-99,-95,-99,5,Crippling/Intimidation/Ranged,crippling,intimidation,true,fiqlo4qk
7234602b-cfa1-40ac-851e-8101bcf8752d,c9nda5l3,above_average,523,349,379,333,416,257,566,496,462,478,0,46,42,37,-6,-6,-99,-44,Dizzy/Blinding/--,dizzy,blinding,false,fjaau5dt
35d457a9-588a-4737-8009-cc18cfa35727,lsfn0opc,high,408,93,209,337,113,68,785,509,73,94,0,28,5,5,-99,-68,-68,-5,Crippling/Intimidation/--,crippling,intimidation,false,flm2jq4u
981441ed-f2b7-4bb6-9c3c-80056c140daf,ujjp1u22,high,660,611,529,417,559,340,758,511,101,377,1,50,40,0,33,0,74,74,--/--/Ranged,"","",true,flrrcu26
69d36af2-45c6-46e0-b007-af4fde2c99fd,fd08sbkf,high,454,219,165,335,35,39,763,342,104,233,0,-10,55,-60,-54,63,-54,-73,Stunning/Intimidation/Ranged,stunning,intimidation,true,fnn9ob8k
3eccc506-b370-42ee-98b9-480c73b8e8bc,8t7l9clu,above_average,4,2,5,334,17,16,830,332,39,15,0,0,0,0,0,-4,-4,-4,--/--/--,"","",false,fo3qjj9b
6683d93b-5e6a-4304-83e1-784e4c97cc93,fefamv1t,above_average,571,372,465,396,430,263,945,522,151,427,0,48,-49,19,-14,-18,-55,40,--/Dizzy/--,"",dizzy,false,focaavts
1840008e-cdb5-4453-8b71-a4078071bccc,7vb0shel,high,197,49,178,273,137,69,693,171,26,186,0,0,20,-64,33,33,33,-64,--/--/--,"","",false,fp8g0hqk
4bbc2009-651e-450a-a2f2-d87283173b2f,v9lj8p4a,above_average,168,82,93,330,63,123,645,331,40,66,0,10,16,5,5,5,-39,5,Stunning/--/--,stunning,"",false,fq6ifpsj
daa95b04-8db3-4dfd-97c0-6c0bcb92dd09,ilcckiec,high,591,440,398,304,95,46,760,522,26,125,0,59,-62,40,-34,-11,-76,-19,--/Intimidation/--,"",intimidation,false,fqdnbt6v
1dbfb215-0d38-47e1-ac21-5e348eb071a5,5g13ih5o,above_average,600,543,304,300,105,55,757,485,99,466,1,60,-69,-25,-24,-22,-95,-24,Stunning/Intimidation/Ranged,stunning,intimidation,true,fqhgm6nl
8ee142aa-810e-482c-b4c8-ca428155fa4f,eq0or3ou,above_average,194,41,60,333,17,12,694,339,24,127,0,0,-64,0,-64,-64,-64,-64,--/--/--,"","",false,fr2qp3ov
0ffdd4bc-502f-4a74-9ccb-be03f7bbe3ab,k3v9d8h1,above_average,25,7,72,280,8,16,585,277,39,21,0,11,0,15,15,15,-24,-24,Crippling/Intimidation/--,crippling,intimidation,false,frfksnne
77a3b741-c65e-4da2-991e-373a6c1b06d7,6pm47hml,above_average,506,378,340,434,107,95,715,512,100,325,0,39,-3,-29,-14,-29,-45,-7,Strong poison/Stunning/Ranged,strong_poison,stunning,true,fspndh62
673deebc-8e15-44f0-971d-25b94032c301,59fjkc1h,above_average,397,262,347,301,101,42,686,342,25,124,0,59,-63,25,-35,-25,-89,-3,--/Intimidation/--,"",intimidation,false,fsv7uc9p
916edd0d-910c-4a65-aee4-7200593beefb,i4fpgiug,high,490,405,172,334,111,100,717,508,292,500,0,40,-7,-70,-11,-6,-31,-67,Stunning/Intimidation/Ranged,stunning,intimidation,true,fuc2li21
7501b45e-e1ec-4bf0-8649-3d6c0ed6079f,l4m1mgg1,high,571,497,459,338,446,188,693,340,152,405,0,11,-34,17,13,10,13,19,Dizzy/Strong poison/Ranged,dizzy,strong_poison,true,fuql3lhe
ed780c53-b853-4eca-a325-00a13ae9cb9c,umd14vo2,high,606,1,385,303,104,45,545,517,27,128,0,59,-62,0,-34,-23,-88,-1,--/Intimidation/--,"",intimidation,false,fv027vck
0b6eb232-12f1-40db-b99a-9c07e12be69f,3mfh4u41,above_average,661,504,592,428,600,452,680,486,146,486,1,44,46,23,30,54,27,-17,Stunning/Intimidation/--,stunning,intimidation,false,fvf96u01
6f146bfa-798c-45b0-9903-b6bdacc1c8f2,c2l0bta2,high,564,440,360,303,98,46,544,522,26,131,0,59,-62,40,-34,-23,-88,-1,Crippling/Intimidation/--,crippling,intimidation,false,g2loata2
ece93367-c0c0-4973-b48f-cff3b3a38892,r280fuve,above_average,595,563,557,327,514,443,745,508,193,380,1,53,11,-49,56,-24,36,30,Strong poison/Intimidation/--,strong_poison,intimidation,false,g37ndufp
a832bf77-c1de-46df-b1d3-993ce4af3851,m5md1815,average,46,1,12,280,51,42,451,278,37,25,0,1,0,2,2,2,-4,-4,--/Stunning/--,"",stunning,false,g4cajnbf
79e20623-a1d1-4e75-a885-b1c1d30637fb,v5s0edle,above_average,600,440,383,302,86,43,760,516,26,136,0,59,-62,40,-34,-22,-86,-19,Crippling/Dizzy/--,crippling,dizzy,false,g6bu8d55
b77df02c-7237-4e61-a7f6-dddfa99f475b,rkbat9fm,average,3,2,3,329,2,18,681,330,24,11,0,0,0,0,0,0,0,0,--/--/--,"","",false,g6rhpm61
7de5dfbe-4bcd-4ef7-a0d6-de3002ae5894,4fmjgvd9,high,443,253,251,326,84,33,766,499,105,197,0,45,57,-4,-20,-6,-6,-1,Stunning/Intimidation/--,stunning,intimidation,false,gatrbvpc
2b763a1d-b48c-4910-a6e8-19a0f962ff31,0j5mfhvd,high,623,527,407,425,166,177,803,458,27,215,1,60,-78,-12,-11,-11,-91,-14,Stunning/Intimidation/Ranged,stunning,intimidation,true,gfqn6h3i
47c2df3d-c0b7-4067-b094-0814aa2996f8,9ca62vlv,high,623,524,490,418,499,346,762,515,101,401,1,56,-38,21,"",17,-37,32,Stunning/Dizzy/Ranged,stunning,dizzy,true,gsek3vtt
1a152f28-db0f-4106-b326-6e1a47f53465,32rt0vvb,average,23,3,35,258,11,19,545,258,34,40,0,8,3,0,10,15,-54,-54,Stunning/--/--,"","",false,h21o1vvm
a629eb17-4305-4602-90fd-17526f0e0406,ahap5pr5,above_average,491,451,521,478,456,294,681,330,96,404,0,25,36,-90,60,13,-41,63,Stunning/Strong poison/--,stunning,strong_poison,false,h43fep31
b0bbdad6-065c-4639-b184-40415deba6b8,nd9te4j6,above_average,217,42,177,256,190,60,509,256,80,113,0,11,0,15,15,-59,"",-99,--/Stunning/--,"","",false,h583d98q
0931a570-795a-4b71-8ac2-e7e53de65539,16o47sdl,high,591,454,459,343,468,241,629,485,161,399,0,48,10,23,3,21,-73,-17,Dizzy/Mild poison/--,dizzy,mild_poison,false,h854qtlr
f6a0584b-df0e-48c5-8600-204c015cbf43,dp2ijkqm,above_average,252,163,329,395,317,225,755,505,114,199,0,32,21,-15,-94,-4,-41,15,Dizzy/Blinding/--,dizzy,blinding,false,h96biki4
b66fd8d9-f8dc-4a40-b356-15e52d079527,7hifu540,above_average,595,439,342,302,89,45,542,521,26,137,0,59,-62,40,-34,-23,-88,-1,Crippling/--/--,crippling,"",false,h993v5od
2ff7a0f4-6aef-4d6c-837c-661f54ada447,mocu4917,high,404,97,219,335,110,71,788,517,75,99,0,28,5,5,-99,-68,-68,-5,Crippling/Intimidation/--,crippling,intimidation,false,hauh0ahu
70727401-91ee-44ad-aa95-05f375b7e2b9,uoalb5no,average,622,540,484,469,393,249,756,512,25,262,1,36,38,-1,-8,-1,-81,0,Blinding/Medium disease/--,blinding,medium_disease,false,hc6a35ve
9d91bc35-4e7b-44e4-a9c4-344e571fd7cf,7s91jbek,high,576,322,413,337,456,213,697,514,191,278,0,36,30,-64,30,-4,-64,-64,Blinding/Stunning/Ranged,blinding,stunning,true,hc9cibm0
976f648a-1fa1-464a-82cb-7c12c06e64fd,u3s6pu1s,above_average,482,432,325,334,187,124,625,409,38,262,0,40,40,40,-3,-3,-58,-7,Strong poison/Strong disease/--,strong_poison,strong_disease,false,hm0oju9i
1cf98dd8-1442-4336-ad92-9123a84d391e,79ngmqtc,high,602,445,410,316,290,111,763,521,26,149,0,48,-68,40,-4,-4,-69,-4,--/Intimidation/Ranged,"",intimidation,true,hq6thq5k
2ced240a-3b6c-46e2-88c7-1d88f3acd505,59qtrh7i,above_average,611,437,327,299,96,43,538,514,24,128,0,59,-63,40,-35,-25,-89,-3,Crippling/Dizzy/--,crippling,dizzy,false,hr9luhvr
fd8ae1c6-d38a-4020-a9cd-2721182d36d6,9nqiavjq,high,599,405,356,335,254,126,594,333,275,459,0,43,-22,40,91,66,45,16,Knockdown/Stunning/--,knockdown,stunning,false,hvr3bv7a
80273e92-f430-45cc-9045-ad280f48237f,65auent1,high,294,87,324,423,363,281,689,201,102,336,0,37,19,5,28,25,-69,25,Strong poison/Blinding/Ranged,strong_poison,blinding,true,i1dnnm1i
48b0fa84-f335-4f67-941b-05c41227d0c9,cf0aqld8,above_average,342,164,355,397,331,221,616,334,209,345,0,17,11,15,1,1,-59,1,Dizzy/Blinding/Ranged,dizzy,blinding,true,i96n7l9n
e95a126c-8e55-4f22-8b1f-bd09ba501749,s6714brq,high,701,605,534,425,593,484,719,518,312,611,1,35,49,28,45,72,69,26,--/Dizzy/Ranged,"",dizzy,true,ibisubb0
680941d6-5800-432e-9e9a-9a2c556c3e00,luv9gr43,above_average,635,507,342,415,145,146,488,306,103,326,1,60,-70,-17,-11,-9,-78,-20,Stunning/Intimidation/--,stunning,intimidation,false,ih37er4d
c587d847-748c-40bd-8637-fd49d6e3df5b,29agnmp3,high,554,442,416,303,100,44,764,517,1,129,0,59,-62,40,-34,-23,-88,-1,--/--/--,"","",false,iikhgmls
5280feb5-7886-4866-93ea-5043fbc1eef8,25o6o82q,above_average,134,26,114,323,101,97,829,461,25,1,0,14,18,0,1,-4,-17,-4,Stunning/Knockdown/--,stunning,knockdown,false,imj6v5jk
6c8841e4-31eb-488e-8d7f-02a04fe2ab45,ptna3vkt,above_average,593,443,425,379,96,42,606,517,25,137,0,59,-63,40,-35,-25,-89,-3,Crippling/Intimidation/--,crippling,intimidation,false,inbs7vgj
984ced76-1e67-4f97-b999-5a911668e435,rtlcbg97,high,203,97,193,364,198,179,341,340,33,78,0,14,5,5,1,18,-44,-39,Dizzy/--/--,dizzy,"",false,io8uhn58
6480d66e-529d-4600-ad17-a75955c2f0a2,8d8ea285,above_average,531,256,514,481,458,350,350,338,262,403,0,37,6,16,-44,-22,-91,-99,Intimidation/Crippling/--,intimidation,crippling,false,ipcqj1s7
83cacf98-b7fe-4ab5-be08-1ab1b9c66a24,u500s8vl,average,210,37,253,303,196,80,644,304,19,100,0,0,-64,0,-64,-64,-64,-64,Dizzy/--/Ranged,dizzy,"",true,iuopq8j9
013bdae0-402e-4252-b550-c941ad269e74,m07snm7j,high,508,405,260,380,113,103,716,509,292,462,0,40,-1,-69,-30,-5,-10,-56,Stunning/Intimidation/Ranged,stunning,intimidation,true,j1pmlm7s
2ea97e11-88b5-4d33-9d86-ad08e1234e5c,k2lp0a0j,high,387,98,206,336,105,69,787,512,76,97,0,28,5,5,-99,-34,-34,-55,--/Intimidation/--,"",intimidation,false,j6soodhe
caf15252-5c2f-486c-aa87-139253252da0,2nmpk9sc,high,140,1,153,390,154,180,759,508,26,66,0,0,0,0,0,0,0,0,--/Crippling/--,"",crippling,false,j7rql94q
3cf43644-d42e-4fdf-a020-15d4034f9e21,bo727pvi,high,636,509,567,176,547,423,676,431,104,356,1,50,40,0,33,0,74,74,--/--/Ranged,"","",true,j8hi6pnp
a0b8f9ad-ddd2-4afa-8c75-17b3edc87701,26ao4v23,high,641,512,475,351,495,229,749,502,56,336,1,52,56,40,46,18,12,11,Stunning/Crippling/Ranged,stunning,crippling,true,j8tqpuq8
e0ca5608-9b56-4d27-bdac-1d82c9fce68e,97i7a0a0,high,8,3,5,340,6,28,668,338,26,34,0,0,0,6,0,0,0,0,--/Crippling/--,"",crippling,false,j9cj7euc
dba5833f-c5a6-4e9d-9104-aedefc97b9aa,slnr2acb,high,432,100,230,337,112,68,787,512,77,98,0,28,5,0,-99,-70,-70,-6,Crippling/Intimidation/--,crippling,intimidation,false,j9q4ad8s
1f537ebc-4e22-4edd-b0b6-dac424d89902,eb5s6m47,high,380,91,199,333,42,68,784,511,75,94,0,28,5,5,-99,-68,-68,-5,Crippling/--/--,crippling,"",false,jbe77mki
fb112b65-99a9-4366-b08f-ad6ebd3de0af,vddkkjss,above_average,264,145,241,396,228,228,505,333,26,146,0,29,29,10,10,10,10,-44,Stunning/Medium poison/Ranged,stunning,medium_poison,true,jfkdgjc0
030a7e1b-4ca9-435f-8f7e-1ac11392b0e9,bl0gog00,high,565,449,454,340,453,212,698,341,101,493,0,40,41,62,-21,62,69,70,Blinding/Stunning/Ranged,blinding,stunning,true,jgb13jcl
ff00809b-b322-4f65-bf3d-2fe838ef804b,u4f0vl57,high,656,628,617,508,541,422,912,334,456,587,1,45,51,49,56,32,67,26,Blinding/Stunning/Ranged,blinding,stunning,true,jgbq7aiq
07eb90f6-7994-4745-9d61-b056ffdb4ac9,8ufu0jr3,average,3,1,16,207,207,206,394,279,14,12,0,1,0,0,0,0,-4,0,Strong poison/--/Ranged,strong_poison,"",true,jgh9tjrs
df0afad6-b9ef-419b-800a-37ce107191ef,8svaaris,high,531,461,112,278,17,16,767,507,104,349,0,51,-9,-21,-21,-19,-32,-21,Stunning/Intimidation/--,stunning,intimidation,false,jjtplh9n
35b69ab2-ce08-41f8-808a-502a408bff58,s3siaq7a,average,82,41,57,297,18,69,686,221,22,8,0,5,5,0,0,-13,-14,0,Dizzy/Intimidation/--,dizzy,intimidation,false,jmg60k8n
6840ba96-2097-463a-bdf1-b91a3251fb39,gbmkfvmd,high,486,365,345,431,249,253,736,245,105,401,0,32,-34,-30,-35,-30,-70,-28,Strong poison/Strong disease/Ranged,strong_poison,strong_disease,true,jn4j7vqk
3beaaa71-ba30-47b5-8539-ff5a87b04922,rpuheig1,high,147,105,60,224,107,96,692,171,27,49,0,10,-39,10,-39,-39,-39,-39,Intimidation/--/--,intimidation,"",false,jpn0ei0l
02d303ab-c470-49bc-b7ba-3ce45e0a8cc8,oi9q1et7,high,515,411,264,383,113,98,711,509,292,461,0,40,-26,-55,-20,-15,-55,-52,Stunning/Intimidation/Ranged,stunning,intimidation,true,jr1c3c93
dce320b7-4992-4157-8c11-869d773f23d5,q94633pb,above_average,350,161,158,262,100,91,757,505,35,142,0,27,37,15,15,-94,-29,-4,--/--/Ranged,"","",true,jt8lb3ht
570ad627-8282-48f6-8eb7-725288af578b,6cr7442k,high,378,97,283,392,124,79,846,512,95,107,0,26,1,-5,-99,-95,-99,5,--/Intimidation/Ranged,"",intimidation,true,ju6d14qq
b5f875be-beb8-457d-a628-90815d33e436,h0el9us1,above_average,679,557,586,340,525,384,747,488,188,526,1,45,50,9,51,60,33,-31,Stunning/Intimidation/Ranged,stunning,intimidation,true,jujh5u0f
4dca6843-f6ea-417a-b37e-6c9c78a45872,itt0u5pd,above_average,557,332,542,481,519,327,688,300,25,113,0,55,56,27,19,-1,-66,-14,Knockdown/Dizzy/Ranged,knockdown,dizzy,true,k0vd4q9r
d7bb743c-194b-44e8-830d-cab57e37d090,qnsv0ic4,high,200,44,220,301,167,149,690,183,26,48,0,4,-45,0,-50,-50,-50,-57,--/--/Ranged,"","",true,k13qioa
26f68c35-7b1e-4a66-89a1-5efa023c46e3,2oi89fdg,high,373,95,220,341,107,69,789,514,75,96,0,28,5,5,-99,-68,-68,-5,Crippling/Intimidation/--,crippling,intimidation,false,k1i4af1g
cd81a213-4bbb-4b7c-ac84-878008d02e6d,60ehh0vc,high,591,443,322,298,80,45,546,419,25,126,0,59,-62,40,-34,-23,-89,-1,Crippling/--/--,crippling,"",false,k3rlm0f6
4f775547-9284-4e29-850b-dbdd58f1847c,9em50l3v,above_average,8,2,3,327,2,21,554,328,75,29,0,0,0,6,0,0,0,0,--/--/--,"","",false,k7vv3lnr
3bc82ba3-7f4d-4a94-bccc-cd917dbc1819,ghasav8h,above_average,409,90,209,333,112,70,787,511,72,94,0,28,5,5,-99,-68,-68,-5,Crippling/Intimidation/--,crippling,intimidation,false,kamlcv4f
e93e8257-81d7-4b7f-adf7-f7a9abcaf650,c73rs4jc,above_average,206,42,73,334,67,55,582,337,190,106,0,30,0,40,40,40,-64,-64,Crippling/Intimidation/--,crippling,intimidation,false,kb5blbfc
54a3ad8d-60e0-4a26-b8e7-375811186804,dhprfn03,average,280,156,256,408,217,174,681,256,23,42,0,25,25,-3,15,-58,-61,15,Dizzy/Intimidation/--,dizzy,intimidation,false,kdu96ns0
7637799d-9e57-48a1-afcf-f34d101c7106,s8f67vgd,above_average,407,95,192,330,113,65,785,505,73,94,0,28,5,0,-99,-70,-70,-6,--/Intimidation/--,"",intimidation,false,ke5nbvgo
384d1c38-f888-4b63-beba-d433a7413ebe,ntaak2gr,above_average,379,94,215,335,106,67,781,508,73,95,0,28,5,5,-99,-34,-34,-55,--/--/--,"","",false,kejdi287
24a9caaa-00d9-4c79-baa0-1aadb66d3fed,n7thn2of,high,144,65,167,401,159,182,1149,338,160,76,0,0,0,0,0,0,0,0,--/Intimidation/--,"",intimidation,false,kg4m924j
19a3c7f3-575c-4d24-a0a0-90183f816dfd,e9uh9pkf,above_average,224,122,227,370,136,136,581,328,105,123,0,16,26,10,10,10,-64,10,Crippling/--/--,crippling,"",false,kh258po1
e935e287-db42-4415-89a1-1b79b30a49f7,kgo6j4jh,above_average,509,434,363,314,97,70,759,337,25,345,0,60,-28,-61,-60,-59,-96,-60,Stunning/Intimidation/Ranged,stunning,intimidation,true,ki77n43e
cd18c0bc-67ee-47de-aaab-9e13243f5981,jakjt7h2,high,573,408,450,325,436,249,575,511,127,382,1,46,40,33,21,21,-99,-7,Dizzy/--/--,dizzy,"",false,kjvtv7d7
9c7832ce-e9fd-4084-8433-8fd296c00b5f,nplnlipr,high,400,128,342,335,425,279,636,509,248,417,0,18,-17,2,-35,-90,-44,-36,--/--/Ranged,"","",true,kkngvita
57da0946-c7bc-4365-8973-fe8c446245e2,hqm47g0b,above_average,206,89,254,328,273,150,542,330,179,321,0,11,-20,-29,-41,-51,-54,-91,Stunning/--/--,stunning,"",false,krff5ggn
7cf320ef-f0f6-4912-b982-c128fe8f1f78,uhk5bdjg,high,458,415,509,238,379,420,692,404,136,474,0,60,-20,-1,-1,-39,-72,-1,Stunning/Intimidation/Ranged,stunning,intimidation,true,kslg1d70
7736be48-3087-4d23-8689-1a63b8a13254,rbcmnqg0,very_high,564,389,565,344,555,377,344,341,299,532,0,50,47,10,20,20,-42,-94,Stunning/Crippling/--,stunning,crippling,false,ktq9rqor
146885d3-c095-4368-9c42-aa655ab33cb8,jbrptuuv,high,206,42,65,339,16,12,696,338,26,130,0,0,-64,0,-64,-64,-64,-64,Dizzy/--/--,dizzy,"",false,l5alhuan
452cdb85-b09e-451a-b12c-0f8b80d8e663,hk7aokek,high,323,169,321,384,235,183,800,511,139,271,0,31,39,15,-63,-63,-80,-70,Stunning/Crippling/--,stunning,crippling,false,l5s3qkm9
b16bb92d-7add-499a-a9fb-34ddc63ab28a,ltl4gbue,above_average,537,309,189,228,86,27,582,518,24,98,0,35,30,-57,"",-13,-67,-58,Blinding/Stunning/Ranged,blinding,stunning,true,l664mb27
76c60196-86db-4c71-a143-c1e1fcda98c6,2dnh0ud1,above_average,622,482,455,473,475,257,674,513,174,391,0,60,45,47,5,48,-47,19,Blinding/Blinding/Ranged,blinding,blinding,true,l8hurv1i
fb83d450-313d-44cb-8acd-7e43cc6c8e13,8mve42ku,high,665,582,604,504,655,535,676,341,551,558,1,51,53,47,57,22,49,13,Blinding/Stunning/Ranged,blinding,stunning,true,l9glr5k8
716eea9c-a273-4e15-bc2a-f0a96f029736,6ba79u2s,high,23,5,116,235,83,74,689,170,25,10,0,13,6,-30,0,0,-44,-12,Dizzy/Strong poison/--,dizzy,strong_poison,false,leo02u25
5501272e-d078-40f3-bfd6-519e10a6fcbb,5gfcdi4p,high,154,93,185,358,91,91,573,335,134,135,0,5,-39,5,-39,-39,-39,-39,Intimidation/--/--,intimidation,"",false,lgedcik9
0756aad3-9e74-4b39-94ea-837bb5f9d45d,dbumdpkv,average,84,115,31,198,90,81,643,145,19,27,0,14,22,10,10,10,-55,10,Crippling/--/--,crippling,"",false,ljc7cpo6
8d3cb419-ae1e-4efd-8166-be5b369bd966,a2oi6jkc,high,661,629,503,329,491,305,618,442,302,580,1,48,47,45,63,87,39,23,Blinding/--/Ranged,blinding,"",true,ljod5jss
89bf5ff6-3a7f-4961-9de6-840659ec61de,rc2afic8,high,575,459,171,316,28,47,757,509,102,314,0,56,-20,-6,-1,-1,-26,-4,Stunning/Intimidation/--,stunning,intimidation,false,lkdmfigf
32d38cd9-434b-4310-955d-083e96e124dd,ridi6chb,high,15,5,25,336,7,8,708,341,41,15,0,3,0,2,0,-24,-24,-24,Stunning/--/--,stunning,"",false,ln9ecch9
ab096769-d7f8-43f2-b4cd-00a75791eb2a,q9mt1glj,high,501,407,407,244,118,105,719,509,293,500,0,40,-12,-70,-67,-62,-87,-67,Stunning/Intimidation/--,stunning,intimidation,false,lnk4d7fn
2aa0aa0d-1935-4310-9dc5-5b732770c010,23sr62cv,high,494,393,448,377,482,408,689,218,100,329,0,32,35,-62,48,48,28,-94,Stunning/Intimidation/--,stunning,intimidation,false,ls8l920l
cd61ee06-c275-4e9b-97d3-0c71d9ee465f,gbsi3mg2,above_average,615,437,329,302,93,44,755,517,25,133,0,59,-63,40,-35,-25,-89,-5,Crippling/Intimidation/--,crippling,intimidation,false,ltfpfm8r
785b44c5-d59d-416d-912d-d2d34e21e422,8oiucjbd,average,179,1,43,324,6,21,640,324,54,28,0,18,0,25,25,25,"","",--/Intimidation/--,"",intimidation,false,lvn43jrf
6b136e1d-05e6-46a6-839a-6023922b742a,1fsabhug,high,640,614,608,502,582,476,409,411,725,697,1,60,41,67,92,92,-19,10,--/Dizzy/--,"",dizzy,false,m1j4mg6n
705b120e-7525-4da5-96ac-b97d7ce6bee9,n8etbuhd,high,551,443,368,303,98,45,547,521,26,129,0,59,-62,40,-34,-23,-88,-1,Crippling/--/--,crippling,"",false,m1uu9ull
e8eba00e-a2bf-4a99-a622-b59812182174,ghm0ukck,average,81,30,44,345,17,80,684,313,24,10,0,4,6,0,0,0,-15,0,--/--/--,"","",false,m27cokks
216b2873-c734-4d0a-91f7-c198a8677ef8,u2r2d2ss,above_average,633,561,579,492,517,371,686,337,99,399,1,58,-6,13,28,11,-16,5,--/Crippling/--,"",crippling,false,m4ai12ck
fca0e81e-ab43-49d8-ba9c-35d0346a1ffb,ohrer3os,high,635,570,530,420,542,441,745,511,266,552,1,47,56,27,57,22,49,11,--/Crippling/--,"",crippling,false,mbiiv34o
376ea9c0-78dc-4a0e-9a97-069a86fef499,2vi5bqvd,above_average,399,93,206,331,114,70,787,510,74,97,0,28,5,5,-99,-68,-68,-5,--/Intimidation/--,"",intimidation,false,mgickqvt
768174a6-1663-45fe-b651-5a382d25b813,a88i4biu,high,526,466,281,376,1,22,763,520,101,305,0,52,-54,-31,-11,-9,-70,-29,Stunning/Intimidation/Ranged,stunning,intimidation,true,mi9bh9qe
5a8040f5-3075-4b5a-801c-800d336bc70d,90aj4vr2,above_average,436,216,332,336,441,289,599,337,168,277,0,43,-22,20,91,66,45,16,--/--/Ranged,"","",true,miec1vjg
3d6deb50-f21e-427c-a0de-eaebe2b08c40,6c4h1v46,above_average,401,90,197,329,116,70,785,509,76,95,0,28,5,5,-99,-68,-68,-5,--/Intimidation/--,"",intimidation,false,mkng0vov
13c617ce-13dd-4fb0-b166-f1c7cb8e6854,ceh4m90v,above_average,634,552,534,472,380,286,714,518,26,293,1,60,-15,12,9,13,-35,26,Blinding/Blinding/Ranged,blinding,blinding,true,mm8gn9sj
fa2869a0-a85f-4978-b9f8-bdc9e8a9847a,5o5m6fus,high,642,583,442,335,339,261,631,503,181,576,1,60,-87,-5,-2,-2,-92,-10,--/Dizzy/--,"",dizzy,false,mmhkbp03
e3ab5615-ec44-4e7a-bc01-064b410afec7,pa4q3a50,above_average,48,4,50,258,57,36,580,260,11,43,0,0,0,0,40,-99,-99,-99,--/Stunning/--,"","",false,mne1p4kq
2f6bd3bd-bcca-4f29-a1e0-f3856b6426df,6qbfh5ku,above_average,187,27,132,296,104,54,694,342,131,121,0,20,15,-54,-17,-8,-85,"",Crippling/Stunning/--,crippling,stunning,false,mqlfg5kh
231f1010-a819-467b-9d3f-d04ee80ce240,un7f3uet,above_average,554,403,273,295,97,38,538,513,23,101,0,49,-62,40,33,10,-34,32,--/Intimidation/--,"",intimidation,false,n2atpvqr
bf9a42ae-c8fb-479a-89f4-e1ebf52bc60d,la8p0436,average,124,15,112,252,64,39,632,252,47,80,0,10,25,-69,35,4,-99,0,Blinding/--/--,"","",false,n4fcvdo8
ddc78bba-714a-417e-9434-0dd4aaa074ff,5ubvktrr,high,672,585,535,337,317,173,650,510,181,575,1,60,-19,-40,-1,-1,-36,-65,Stunning/Dizzy/--,stunning,dizzy,false,n7fqntn9
8fd1e930-0d0a-482d-9777-e5f49aeeaf4f,b3b539tk,high,388,95,222,337,124,70,791,517,77,98,0,28,5,5,-99,-68,-68,-5,Crippling/Intimidation/--,crippling,intimidation,false,naktgalr
ccc96089-b551-4f13-ae26-572d7dc7f9a1,ull1q3v1,above_average,626,540,533,415,520,248,696,510,225,396,1,47,42,60,62,85,6,23,Crippling/--/Ranged,crippling,"",true,nbrh64b7
f9cd55dd-b745-4d20-8855-4328ffe23bbd,56viqc59,above_average,561,447,329,300,96,42,754,519,24,138,0,60,-80,40,-19,-14,-94,-2,Crippling/Dizzy/--,crippling,dizzy,false,ncdnfc5g
6da8e606-1c74-41ad-9072-910cf192f476,4do25va5,above_average,157,40,207,285,173,160,685,211,25,32,0,1,-64,0,-65,-65,-65,-67,Dizzy/--/--,dizzy,"",false,ne242va8
468720e3-032e-4cd0-9844-31950015e826,15m49fmu,above_average,104,27,70,334,63,35,419,332,251,166,0,20,0,27,27,27,-44,-44,--/--/--,"","",false,nf58cf2n
135a8786-181d-4a45-be7d-3b4412734026,1oblm8kq,high,351,157,86,311,127,100,761,159,101,222,0,-6,48,-49,-63,20,-74,-73,Stunning/Intimidation/Ranged,stunning,intimidation,true,nh6ol80c
19aa63d7-1eda-4696-95d3-e63311164f9f,vadk8qj2,average,267,128,153,347,40,82,673,326,23,34,0,22,22,10,10,"",10,10,--/--/--,"","",false,njm5aqfv
569b1c9b-e288-4cfc-bab4-86a7d0f12ee6,v7abpav2,average,18,6,11,280,12,37,602,278,29,54,0,0,7,0,32,-99,-99,-99,Dizzy/Stunning/--,"","",false,nkjrf9re
059c6b5d-f9ec-4937-a7c3-ba6b33ecf8d8,uoest50u,high,402,94,222,340,107,73,787,512,73,97,0,28,5,5,-99,-68,-68,-5,Crippling/--/--,crippling,"",false,nokft503
025a50f1-5592-48fc-9170-0b10f2443e19,8sm42pco,high,225,145,70,341,16,11,690,337,26,130,0,10,-64,10,-64,-64,-64,-64,Dizzy/--/--,dizzy,"",false,norqrpou
f5af8ea7-0969-4e2e-8569-3b4588383ce2,brfdmnlr,above_average,196,132,177,276,209,190,688,175,25,32,0,9,3,-21,6,18,-8,-39,Dizzy/--/--,dizzy,"",false,ntplrnlg
b8d08a21-74de-420b-a760-63668217618e,n7he2kjf,high,571,515,114,253,29,29,759,514,26,110,1,60,-26,-25,-24,-24,-55,-25,Stunning/Intimidation/--,stunning,intimidation,false,o2ugonv8
f9c45ed5-f45b-4593-a9cf-f9426afa4e80,p4bats7j,above_average,371,91,218,332,131,70,785,508,71,93,0,28,5,5,"","","","",--/Intimidation/--,"",intimidation,false,o4jedp5e
8d457abd-4e2c-4bb9-aeb3-2c8f8418a627,43bvvgrq,high,609,541,403,357,138,114,866,376,27,214,1,60,-81,-13,-12,-12,-95,-16,Stunning/Intimidation/Ranged,stunning,intimidation,true,o547igbt
1e88e417-7fa4-497d-9076-4f342e82e5fe,fv9ptltv,above_average,590,317,557,490,532,327,452,413,301,460,0,60,60,29,20,-5,-70,-24,Knockdown/Crippling/Ranged,knockdown,crippling,true,o97m0aan
1a4096c9-b647-439f-bba4-f741be87c935,7mmro1e2,high,8,2,5,337,6,27,749,508,26,35,0,0,0,6,0,0,0,0,--/Crippling/--,"",crippling,false,oj843eiu
d6ec6986-4ddb-4c52-b7b6-489c33c85cd4,0rgbpj42,high,225,103,216,391,202,121,685,335,104,104,0,10,-44,10,-44,-44,-44,-44,Dizzy/--/Ranged,dizzy,"",true,ok8rmj0e
9715d08d-6f15-49ef-bc56-b209390cc1c1,v3kjslnh,above_average,373,90,189,330,127,69,785,510,99,95,0,27,5,5,-89,-99,-99,-5,--/Intimidation/--,"",intimidation,false,okqsilv6
d6b54dc7-7e2b-4b0a-bb70-084687baf1bc,dld63voi,high,600,441,328,299,106,48,548,519,27,130,0,59,-62,40,-34,-23,-88,-1,--/Intimidation/--,"",intimidation,false,olpc2voo
78ad791b-6fae-43dc-886a-7c7f7db078a7,pafahqg8,average,25,3,17,254,5,18,605,257,37,15,0,8,8,2,"",0,"",0,--/--/--,"","",false,oms0pmui
18d96d58-b6a1-4de1-b3b9-f4455074e442,jcn6ppod,high,553,423,496,413,524,401,408,405,380,431,0,21,31,-94,58,58,58,-94,Stunning/Intimidation/--,stunning,intimidation,false,oohg1pke
84486957-c1a4-446d-b703-d73cf8a14d4b,2i64pgct,above_average,508,217,465,468,304,230,685,332,23,131,0,36,35,-1,20,-89,-54,20,--/Dizzy/--,"",dizzy,false,ot1hmgoe
d0848f19-e1c2-4706-b423-16b1c66a9253,23hm3bd9,above_average,486,344,384,295,100,45,761,522,25,128,0,59,-62,30,-34,-23,-88,-1,Crippling/Intimidation/--,crippling,intimidation,false,otm3ebhq
60042ed2-1e65-44b8-af56-739756ec144d,0a6vrks9,above_average,599,422,445,327,422,181,541,507,140,348,0,46,-38,20,8,-11,-74,-29,Crippling/Medium poison/--,crippling,medium_poison,false,ou4fikk8
23d57eb0-d854-47a3-8d8d-77be15e1a529,8ti527t1,above_average,549,437,429,399,434,328,756,508,101,458,0,42,39,24,-1,-1,-99,-26,Dizzy/Blinding/--,dizzy,blinding,false,ovq577t5
c35cbf61-9a0b-4362-aa2e-4744d1279562,uq73as3j,above_average,642,508,457,377,202,59,758,516,97,337,1,59,-55,-9,-13,-13,-91,4,Crippling/Blinding/--,crippling,blinding,false,p48d6svk
be0b7479-c2e2-47e8-b040-7e685777657f,r88250fl,high,444,204,419,462,322,267,803,340,165,256,0,38,26,20,38,34,-59,34,Strong poison/Blinding/Ranged,strong_poison,blinding,true,p7p0rn98
eda85c67-3d77-4ce7-b11f-0dc422d1bef0,npovk50i,high,323,290,40,179,33,8,765,530,105,208,0,20,-1,-34,-1,-1,-34,-1,Knockdown/Intimidation/Ranged,knockdown,intimidation,true,pae3i58p
9c4bdde1-2b92-4d5e-abdb-54123283d3ef,03h5p346,above_average,194,42,62,333,16,11,684,333,26,127,0,0,-64,0,-64,-64,-64,-64,Dizzy/--/--,dizzy,"",false,pbsmi3gg
0b5b460a-5e2c-468b-b45b-b77eb14d0aac,oaj6tucv,high,652,486,656,506,626,456,622,421,383,534,0,47,48,5,40,45,4,-58,Stunning/Intimidation/--,stunning,intimidation,false,pdefjush
875a3433-1369-4fd1-8b69-a70d30b0b781,luj2ckeu,above_average,488,193,332,334,327,127,758,510,102,198,0,40,43,15,16,16,-24,16,Stunning/Crippling/Ranged,stunning,crippling,true,pfirekme
58983f28-b055-4e79-b7ff-22dbeda0e9f9,pk76jpsg,above_average,614,440,521,485,423,160,683,506,491,568,0,45,-5,60,32,32,-99,-33,--/Stunning/Ranged,"",stunning,true,plu7hqkc
7a7330fc-0bf1-44d1-bd2b-4cdc13c0cfef,emas1moq,average,233,202,182,444,47,115,547,331,55,50,0,12,12,-39,25,25,25,-39,--/--/--,"","",false,pnji2m8m
4aa0b6bf-2185-4dbd-bbe7-b61502c15d10,lgfb1q8h,high,560,369,520,270,569,424,338,339,316,356,0,38,38,-46,43,43,14,-94,Stunning/Intimidation/--,stunning,intimidation,false,pqdj5qcg
f94852ea-28dc-4a93-b1b0-7c21db14dfed,o0p1m4ki,high,584,514,412,339,400,170,866,506,208,594,1,0,-24,0,-64,-24,-24,-24,Strong poison/Strong disease/Ranged,strong_poison,strong_disease,true,pro3g48i
9e9b506a-34e0-4d16-8c7d-b3c2a980c06b,7pkhn3e1,above_average,129,19,169,306,93,62,664,311,31,75,0,0,8,0,30,-99,-99,-74,--/Stunning/--,"","",false,pumhbd0k
8dc38b7c-8b68-466e-a83c-e3b40ddbdefe,o245tsek,above_average,592,537,577,414,481,422,715,287,101,393,1,60,-80,-9,-11,-9,-91,-9,Strong poison/Strong disease/Ranged,strong_poison,strong_disease,true,q440hse4
3f9e5177-86bb-49e6-b304-613e748e72ce,tjvrqn7o,high,43,149,93,299,394,331,765,513,100,238,0,30,-1,-33,-27,-33,-45,-32,Crippling/Intimidation/--,crippling,intimidation,false,q4glknvv
0ee8dfba-2afc-449f-bb33-183e189da01c,apmaoa74,high,61,43,35,336,26,30,692,338,27,34,0,7,7,0,0,0,0,0,--/--/--,"","",false,q6ql7jod
49533c16-d42d-430e-9b0f-27bbb5e32b3e,gd30ma31,high,522,408,275,387,112,106,719,515,292,464,0,40,-25,-54,-19,-14,-54,-51,Stunning/Intimidation/Ranged,stunning,intimidation,true,q86kcan3
c898b38e-276e-4ec2-b4c9-8946b995a5b1,mval7dnv,above_average,518,463,484,299,357,255,694,450,118,424,0,60,-23,1,-1,-51,-90,-1,Stunning/--/Ranged,stunning,"",true,qbdcvc3c
7803de28-99fb-41f0-825c-b1e24832afd5,d90p05bd,high,180,45,227,366,216,191,420,326,26,31,0,9,12,0,-34,-37,-2,5,Stunning/Knockdown/--,stunning,knockdown,false,qd5n95rf
ecb4b056-ba55-4aee-9348-b489c96e577a,o5q3sqjc,high,372,279,126,341,137,98,763,513,27,173,0,20,-1,-34,-1,-1,-34,-1,Knockdown/Intimidation/Ranged,knockdown,intimidation,true,qe77qq72
e71745ee-4aa9-4c17-8299-3e3a60a11e09,87tgk4kr,above_average,52,9,19,309,12,28,577,308,109,75,0,11,0,15,15,15,"","",Stunning/Intimidation/--,stunning,intimidation,false,qkuvjn3m
0ad4dd01-689a-4fa5-9b88-537d7ca83d22,f3sak7cn,above_average,137,101,184,353,129,133,583,332,43,63,0,10,-44,10,-44,-44,-44,-44,--/--/Ranged,"","",true,qoavuv6s
0ae5ec89-1877-4400-8e2f-645815297a59,fj254r62,high,501,404,161,333,117,101,721,474,293,500,0,40,-12,-70,-67,-62,-87,-67,Stunning/Intimidation/Ranged,stunning,intimidation,true,qrsf5r2d
43fca2f7-fb5a-4237-aef7-a849e41b1789,k2g1v64d,above_average,602,498,610,509,510,364,757,508,99,368,0,36,36,45,-25,45,-75,12,Blinding/Medium disease/--,blinding,medium_disease,false,qtsth68b
72d2174c-59d6-4dfa-b208-9403f8422cd0,95lmf4p9,high,485,247,506,468,417,315,835,323,354,353,0,50,50,21,14,-4,-81,-46,Knockdown/Dizzy/Ranged,knockdown,dizzy,true,qvkha45p
01e86520-e8ef-4b62-b6e2-51e42421300b,qm4ifjs2,high,619,517,466,329,463,339,577,441,290,542,1,37,44,49,24,74,70,49,Blinding/Stunning/Ranged,blinding,stunning,true,r75gdj42
8d1a51ba-61e2-4835-bc7e-c9d09705b590,nmvmbh1e,above_average,1301,15,140,315,58,70,516,316,1,78,0,8,-4,-5,0,"",-7,-15,Intimidation/--/--,intimidation,"",false,r8tfng1v
74c8640d-3c21-404d-90d6-4de2417bc8ac,i9l5ea7q,high,582,508,150,287,81,75,687,519,103,163,1,58,-54,-7,-2,-1,-58,-7,Stunning/Intimidation/--,stunning,intimidation,false,ragn8ano
77093199-c93c-40c1-9c82-b24e0d27ae00,li5vfu18,above_average,633,477,430,349,555,411,748,514,177,360,0,57,-37,18,27,36,-15,39,Stunning/Strong poison/Ranged,stunning,strong_poison,true,rc133uda
220d34b7-afa2-4d49-a16a-b9976770c21b,cvcihsv7,above_average,480,177,190,337,45,46,757,508,24,159,0,5,-1,-24,-50,-54,-45,-29,--/Blinding/Ranged,"",blinding,true,rfjtgs7o
b7866cf2-f51b-421f-9cf6-9b99405d4b6f,jk0f6iaq,high,391,97,208,338,107,71,788,513,73,96,0,28,5,5,-99,-34,-34,-55,--/Intimidation/--,"",intimidation,false,rfov0i6m
61cc14a8-4c85-4b23-902b-0bb40f2d6e7c,qds7fl9q,above_average,379,228,381,411,365,135,625,333,195,394,0,14,17,20,-27,-23,-4,4,--/Intimidation/Ranged,"",intimidation,true,rgo5lk9o
0972e0c9-d264-443f-bccd-f75326162a27,i74lbmie,average,2,1,1,280,2,15,1048,278,14,8,0,0,0,0,0,0,0,0,Crippling/Medium poison/--,"","",false,rn46bmqu
d3569324-ec0e-4250-8a06-2fc1e20acdb8,k4vdacpi,above_average,4,2,10,335,33,24,780,334,33,12,0,0,0,0,0,-4,-4,-4,--/--/--,"","",false,rnjicch4
25b8eb46-609b-4c1e-8ca2-1fb32d65bbd1,ql6nv4b2,high,685,630,626,430,653,550,610,505,269,557,1,31,28,13,52,62,58,16,Dizzy/Strong poison/--,dizzy,strong_poison,false,roal54b4
6b0ebb2a-d4da-4428-966d-156acf623e24,h5f5pgon,high,565,404,504,418,465,315,718,516,384,579,0,27,37,1,51,1,22,49,Strong poison/Stunning/Ranged,strong_poison,stunning,true,rokh3joq
7a80ab8d-ee2b-4fdb-8f75-efdfa08091fe,eahf439h,high,199,43,65,335,16,11,700,336,26,131,0,0,-29,0,-29,-29,-29,-29,Dizzy/--/--,dizzy,"",false,rqe453he
88be4426-1963-4878-a348-e313c4a4c7d7,431flea5,above_average,73,11,59,176,49,17,686,60,24,72,0,0,20,-64,33,33,33,-64,--/--/--,"","",false,rrcgkemj
c3a9506c-d71d-49a7-97be-49a504d84204,lc33nk2o,high,759,721,714,507,671,649,476,474,615,703,1,41,60,20,93,93,93,20,--/Dizzy/--,"",dizzy,false,rutvjkan
7bde2eb1-7750-43e4-ac38-67f7a320b760,n4mr312u,high,606,484,372,348,342,108,419,340,192,367,0,53,24,64,51,51,-99,-14,Dizzy/Blinding/Ranged,dizzy,blinding,true,s29dv1mh
fdcf2408-a1ef-4db1-b180-aa6053686007,9bnhj1u1,high,60,34,60,307,30,50,673,317,67,36,0,12,6,-19,-5,-27,-58,-24,Stunning/--/--,stunning,"",false,s4hrs1q2
006640ba-e2f5-48bc-85d4-8da983bf959a,c3j5tbl4,high,717,622,531,332,653,469,633,511,283,593,1,42,79,37,45,83,83,37,--/--/Ranged,"","",true,s6o6mq9l
30af711b-8a4b-4a72-8c03-4771f32b3a28,10uv9v0b,high,3,3,3,338,2,12,757,508,232,49,0,0,0,0,0,0,0,0,--/--/--,"","",false,s8f58vk3
42f66822-cfde-403d-a8bd-20b4f590a635,2m4c9mat,above_average,543,404,179,332,127,107,713,506,127,314,0,40,-1,-34,-1,-1,-59,-74,Stunning/Intimidation/Ranged,stunning,intimidation,true,s98hmhqa
27130cf1-6cc5-4233-8a24-28f2e9f5af85,1v48428m,high,654,594,575,294,499,442,542,518,99,344,1,60,-83,-10,3,-4,-83,-1,Stunning/Intimidation/--,stunning,intimidation,false,s9dip3si
83d4c106-a17c-48f1-9545-0b203c823068,fe0tknvt,above_average,499,453,235,234,23,25,759,496,100,222,0,60,-58,-1,-1,-5,-66,-1,Stunning/Intimidation/--,stunning,intimidation,false,scvq1nb2
6659133c-fc0f-49aa-bb2e-7f173dcc9c46,hc9su2t3,above_average,155,26,156,329,184,82,687,330,23,100,0,0,0,0,0,0,0,0,--/--/--,"","",false,sdd7c11h
110cb781-ec41-44c1-9ba6-4588b908894b,nok9cig4,high,188,37,150,324,71,62,526,307,42,83,0,2,-46,0,-49,-49,-49,-49,Intimidation/--/--,intimidation,"",false,sea34pj0
cab6f6cf-8b34-4e55-9270-74c467d896a3,o51huq74,above_average,589,441,312,300,96,43,763,518,25,135,0,59,-62,40,-34,-23,-88,-1,--/Intimidation/--,"",intimidation,false,sh8r654v
20901458-b2de-48aa-83fa-ac34bfc07edc,g86rpi5e,above_average,558,272,558,551,448,348,684,165,24,129,0,50,60,25,25,25,25,25,Stunning/Crippling/--,stunning,crippling,false,shi2ri9k
470e2407-713e-43ce-a404-a15113aaa752,0991vn8b,average,188,90,208,326,143,142,575,122,40,14,0,14,14,-1,5,-34,-36,5,Dizzy/Intimidation/--,dizzy,intimidation,false,si8ponkb
174d1e56-6a69-4285-ac21-e3a32f513025,geibn24d,high,517,408,352,171,176,173,714,510,127,325,0,40,-26,-55,-20,-15,-55,-52,Stunning/Intimidation/--,stunning,intimidation,false,sivif2sr
cdb2b5d2-ba4c-4992-abfd-44115c5bc9ba,akuv7ic5,above_average,187,93,220,324,202,184,683,188,94,94,0,8,-11,5,-19,-19,-19,-33,--/--/Ranged,"","",true,slrj4sis
b7a064f8-d9bb-4e68-bb6f-ef52a2466a96,lv48d92k,average,139,29,143,322,127,164,654,330,48,106,0,22,27,0,2,-7,-32,-7,--/Knockdown/--,"",knockdown,false,sr9rl8u2
0f9aa8ed-7310-4b92-8590-04e52598032d,jl7i1v9p,high,587,532,559,494,524,415,865,447,101,344,1,45,11,11,17,51,-14,52,Stunning/Dizzy/Ranged,stunning,dizzy,true,sv8d5vte
76114c13-4f52-40da-9f67-257378a6672e,tlm8eata,high,586,438,330,303,107,47,763,531,26,135,0,58,-62,49,-34,-23,-88,-1,--/Intimidation/--,"",intimidation,false,t098kb95
fc5c8d34-9492-427c-8827-4e76d557abe6,67huiva6,above_average,373,90,176,332,118,67,782,506,72,94,0,28,5,5,-99,-68,-99,-5,--/Intimidation/--,"",intimidation,false,t9m9fvql
5e51e588-4c6c-48e2-a042-f798e4adbe49,s9rbmbds,above_average,535,430,358,296,101,42,754,519,24,134,0,59,-62,40,-34,-23,-88,-1,Crippling/Dizzy/--,crippling,dizzy,false,tbu9ibtu
929ad1bb-17b4-41fe-b482-f4c9c6197706,j5bs5s5n,very_high,446,207,264,394,223,197,826,440,138,304,0,37,44,-24,-29,-34,-34,-29,Stunning/Intimidation/--,stunning,intimidation,false,tfm11sh9
9a84aa76-d561-4114-ba61-1018c4b9cf99,jt4h2ejq,above_average,136,91,84,330,113,90,832,333,58,128,0,8,14,5,-39,-39,-42,-38,--/--/--,"","",false,thcca9ff
d4a1ee1f-7873-4bc2-b20f-1a7078a24991,9qaufpsl,above_average,161,95,190,344,102,97,652,336,43,85,0,10,16,5,5,5,-37,5,Stunning/--/Ranged,stunning,"",true,tqmnepsb
5469435d-7035-488b-bfc6-f84a311ebe17,gr5auh7c,above_average,487,432,394,467,255,225,1084,184,25,244,0,50,-56,-25,-22,-22,-84,-35,Stunning/Intimidation/Ranged,stunning,intimidation,true,tudi4fnf
4b215120-1afc-46d8-ae7b-32bf722a0488,nvee2kco,average,193,63,140,384,30,78,645,325,40,23,0,10,16,5,5,5,-39,5,--/--/--,"","",false,u0ktsk45
d70886f8-6b5f-4097-bf11-2f7b54166617,oo66780c,high,374,129,174,341,103,91,764,511,50,137,0,-25,46,-40,-90,37,-75,-62,Knockdown/Intimidation/Ranged,knockdown,intimidation,true,u1ha58s7
037ede65-5ad2-47bb-ae59-79e705a79df6,p04k2fmn,above_average,87,33,57,334,60,36,487,334,64,66,0,0,0,0,36,0,0,-44,Stunning/--/--,stunning,"",false,u26q6fmm
d452032e-af2d-475b-8387-bc010c677447,kc9jpnto,high,89,39,72,376,66,122,349,339,53,31,0,0,4,-44,0,-44,-44,0,--/Intimidation/--,"",intimidation,false,u5k7rn9m
d373eb3f-d966-43dd-b59f-e14f70322602,4betso9v,high,664,611,646,509,610,377,627,519,190,419,1,55,-15,6,36,37,-5,10,--/Dizzy/--,"",dizzy,false,ud38hopq
3f61bb61-060d-4c85-aeff-faa9e908e10d,0mf1030f,high,577,458,346,336,275,148,706,513,211,372,0,38,-20,45,45,-4,-4,-21,Knockdown/Strong poison/--,knockdown,strong_poison,false,un8s33gs
8fc9e14c-c640-413b-b4d0-c37f6877e5f2,60t3bauq,above_average,483,250,172,226,81,23,541,515,24,53,0,33,25,-38,-31,-37,-76,-43,Blinding/Intimidation/--,blinding,intimidation,false,updi8ai2
24aa13ac-f645-499c-82b1-a8747e7445ce,bs0mlnj7,high,518,409,160,336,29,100,716,507,294,395,0,40,-6,-69,-10,-5,-30,-66,Stunning/Intimidation/--,stunning,intimidation,false,utbsmn32
034e3706-d5f4-4a0b-bdcf-39e2d0ac63e6,a2n853jg,above_average,589,438,335,298,96,43,539,519,25,128,0,59,-62,40,-34,-23,-88,-1,--/Dizzy/--,"",dizzy,false,uud0c3vt
b37ad40d-e2b3-4ab8-bb8f-1208ec17575a,22v0bdgi,high,583,440,391,301,95,45,762,519,26,129,0,59,-12,40,-30,-10,-79,-26,--/--/--,"","",false,uuqo2dcg
07cd50b3-026d-4742-a435-f559e0de64a3,jsgesgqm,high,658,684,612,330,526,427,519,484,590,721,1,52,50,35,95,95,20,15,--/Dizzy/--,"",dizzy,false,uurkogaj
572ff770-e986-47a2-887f-f8941be1c97b,ggi3od08,high,403,93,205,337,109,70,788,516,76,98,0,5,5,0,-99,-70,-70,-6,Crippling/Intimidation/--,crippling,intimidation,false,v22scdcg
dc1195cc-068f-4153-b23b-0811c7bbaf69,gp6n9s3p,above_average,627,541,571,415,399,334,717,508,291,530,1,60,-53,-25,6,-1,-50,-20,Stunning/Intimidation/--,stunning,intimidation,false,v298fsve
7dd04811-e388-4264-aca2-5b0dbf8c78bb,7isnumfm,high,121,82,169,350,69,140,577,511,37,69,0,26,-35,12,-64,-12,-12,-64,--/Intimidation/--,"",intimidation,false,v427jm7p
826ef797-c420-43bc-9a9b-e97f5305df02,b4q7f40j,above_average,612,528,517,412,460,298,614,501,624,610,1,60,29,85,78,74,-99,-24,Stunning/--/Ranged,stunning,"",true,vdbfc4kr
07c45450-4a6a-4d76-b04a-499997f497f8,bmd9k586,above_average,661,564,586,494,557,365,749,506,263,497,1,47,46,27,57,22,49,11,Stunning/Crippling/Ranged,stunning,crippling,true,vh90b5ck
3951cbfc-5ffe-4561-8ac2-4830320db296,j5u7hikf,high,185,58,85,274,97,107,591,173,26,124,0,29,-4,5,-7,-7,-64,-64,Dizzy/Mild poison/--,dizzy,mild_poison,false,vhpu9j0s
d603ef85-46c8-4085-84c2-d97001502a8d,h9637vv4,above_average,414,219,507,505,271,124,600,331,168,275,0,43,-10,20,91,66,45,16,Knockdown/--/--,knockdown,"",false,viiv1vje
8b4213b2-cef9-4646-b99d-3d050ffb1a17,k3s28gkk,high,156,102,183,361,124,125,695,340,26,64,0,10,-44,10,-44,-44,-44,-44,Dizzy/--/Ranged,dizzy,"",true,vlglkoqg
57195ed2-9d3e-4c82-a23f-9d04193b63bd,bnmdof1t,average,20,1,24,273,24,33,282,282,14,40,0,15,0,0,0,0,0,0,--/Crippling/Ranged,"",crippling,true,vpdg43qo
ac8bedee-2bd8-4579-bdc1-5e873726a7f7,tnsf3p90,above_average,564,561,562,506,427,359,1149,334,392,551,1,50,50,100,50,-99,20,20,Blinding/Stunning/--,blinding,stunning,false,vpubvp98
ac0b8418-f67c-4958-bfa8-135aa0a711eb,clc8408r,above_average,616,406,628,510,656,427,336,332,70,308,0,46,52,12,39,39,-5,-54,Stunning/Crippling/--,stunning,crippling,false,vt3f50sc
6f62e7e5-411b-48e7-8aa1-0de4755bb49b,dni0f7d3,above_average,609,504,477,447,534,308,689,339,102,425,0,47,49,39,34,34,30,19,Stunning/Intimidation/Ranged,stunning,intimidation,true,vv94u6te
